{
	"start":	{
		"connected":	[{
				"socket":	6,
				"local_host":	"192.168.0.1",
				"local_port":	51396,
				"remote_host":	"10.0.0.2",
				"remote_port":	5201
			}],
		"version":	"iperf 3.9",
		"system_info":	"Linux lisong19-OptiPlex-9020 6.10.0cubicprint #2 SMP PREEMPT_DYNAMIC Tue Jul 30 01:19:33 CDT 2024 x86_64",
		"timestamp":	{
			"time":	"Mon, 05 Aug 2024 17:24:38 GMT",
			"timesecs":	1722878678
		},
		"connecting_to":	{
			"host":	"10.0.0.2",
			"port":	5201
		},
		"cookie":	"ukea7oufijpttbzj5fs6uf3hlsfhbwnqedt3",
		"tcp_mss_default":	1448,
		"sock_bufsize":	0,
		"sndbuf_actual":	87380,
		"rcvbuf_actual":	87380,
		"test_start":	{
			"protocol":	"TCP",
			"num_streams":	1,
			"blksize":	131072,
			"omit":	0,
			"duration":	0,
			"bytes":	0,
			"blocks":	80,
			"reverse":	0,
			"tos":	0
		}
	},
	"intervals":	[{
			"streams":	[{
					"socket":	6,
					"start":	0,
					"end":	0.085932,
					"seconds":	0.08593200147151947,
					"bytes":	524176,
					"bits_per_second":	48799142.6731731,
					"retransmits":	1,
					"snd_cwnd":	31856,
					"rtt":	4256,
					"rttvar":	156,
					"pmtu":	1500,
					"omitted":	false,
					"sender":	true
				}],
			"sum":	{
				"start":	0,
				"end":	0.085932,
				"seconds":	0.08593200147151947,
				"bytes":	524176,
				"bits_per_second":	48799142.6731731,
				"retransmits":	1,
				"omitted":	false,
				"sender":	true
			}
		}],
	"end":	{
		"streams":	[{
				"sender":	{
					"socket":	6,
					"start":	0,
					"end":	0.085932,
					"seconds":	0.085932,
					"bytes":	524176,
					"bits_per_second":	48799143.508820929,
					"retransmits":	1,
					"max_snd_cwnd":	31856,
					"max_rtt":	4256,
					"min_rtt":	4256,
					"mean_rtt":	4256,
					"sender":	true
				},
				"receiver":	{
					"socket":	6,
					"start":	0,
					"end":	0.127162,
					"seconds":	0.085932,
					"bytes":	369240,
					"bits_per_second":	23229581.164184269,
					"sender":	true
				}
			}],
		"sum_sent":	{
			"start":	0,
			"end":	0.085932,
			"seconds":	0.085932,
			"bytes":	524176,
			"bits_per_second":	48799143.508820929,
			"retransmits":	1,
			"sender":	true
		},
		"sum_received":	{
			"start":	0,
			"end":	0.127162,
			"seconds":	0.127162,
			"bytes":	369240,
			"bits_per_second":	23229581.164184269,
			"sender":	true
		},
		"cpu_utilization_percent":	{
			"host_total":	22.682259535432646,
			"host_user":	5.59894855426211,
			"host_system":	17.08277452926345,
			"remote_total":	1.5374665905427869,
			"remote_user":	1.5369613435527958,
			"remote_system":	0
		},
		"sender_tcp_congestion":	"reno",
		"receiver_tcp_congestion":	"reno"
	}
}
