{
	"start":	{
		"connected":	[{
				"socket":	6,
				"local_host":	"192.168.0.1",
				"local_port":	60338,
				"remote_host":	"10.0.0.2",
				"remote_port":	5201
			}],
		"version":	"iperf 3.9",
		"system_info":	"Linux lisong19-OptiPlex-9020 6.10.0init8cwnd #5 SMP PREEMPT_DYNAMIC Mon Aug  5 20:11:06 CDT 2024 x86_64",
		"timestamp":	{
			"time":	"Tue, 06 Aug 2024 03:39:06 GMT",
			"timesecs":	1722915546
		},
		"connecting_to":	{
			"host":	"10.0.0.2",
			"port":	5201
		},
		"cookie":	"d4w2jxb5lqqdwlh3rqwpto54hecyzlocqlyp",
		"tcp_mss_default":	1448,
		"sock_bufsize":	0,
		"sndbuf_actual":	87380,
		"rcvbuf_actual":	87380,
		"test_start":	{
			"protocol":	"TCP",
			"num_streams":	1,
			"blksize":	131072,
			"omit":	0,
			"duration":	0,
			"bytes":	0,
			"blocks":	80,
			"reverse":	0,
			"tos":	0
		}
	},
	"intervals":	[{
			"streams":	[{
					"socket":	6,
					"start":	0,
					"end":	0.088881,
					"seconds":	0.0888810008764267,
					"bytes":	509696,
					"bits_per_second":	45876711.105775423,
					"retransmits":	1,
					"snd_cwnd":	30408,
					"rtt":	4272,
					"rttvar":	117,
					"pmtu":	1500,
					"omitted":	false,
					"sender":	true
				}],
			"sum":	{
				"start":	0,
				"end":	0.088881,
				"seconds":	0.0888810008764267,
				"bytes":	509696,
				"bits_per_second":	45876711.105775423,
				"retransmits":	1,
				"omitted":	false,
				"sender":	true
			}
		}],
	"end":	{
		"streams":	[{
				"sender":	{
					"socket":	6,
					"start":	0,
					"end":	0.088881,
					"seconds":	0.088881,
					"bytes":	509696,
					"bits_per_second":	45876711.558150783,
					"retransmits":	1,
					"max_snd_cwnd":	30408,
					"max_rtt":	4272,
					"min_rtt":	4272,
					"mean_rtt":	4272,
					"sender":	true
				},
				"receiver":	{
					"socket":	6,
					"start":	0,
					"end":	0.130044,
					"seconds":	0.088881,
					"bytes":	360552,
					"bits_per_second":	22180308.203377321,
					"sender":	true
				}
			}],
		"sum_sent":	{
			"start":	0,
			"end":	0.088881,
			"seconds":	0.088881,
			"bytes":	509696,
			"bits_per_second":	45876711.558150783,
			"retransmits":	1,
			"sender":	true
		},
		"sum_received":	{
			"start":	0,
			"end":	0.130044,
			"seconds":	0.130044,
			"bytes":	360552,
			"bits_per_second":	22180308.203377321,
			"sender":	true
		},
		"cpu_utilization_percent":	{
			"host_total":	22.389058202631386,
			"host_user":	5.87495088721581,
			"host_system":	16.5135763663973,
			"remote_total":	1.5783607638906243,
			"remote_user":	0.36785102033676359,
			"remote_system":	1.2100099459718814
		},
		"sender_tcp_congestion":	"reno",
		"receiver_tcp_congestion":	"reno"
	}
}
