{
	"start":	{
		"connected":	[{
				"socket":	6,
				"local_host":	"192.168.0.1",
				"local_port":	37336,
				"remote_host":	"10.0.0.2",
				"remote_port":	5202
			}],
		"version":	"iperf 3.9",
		"system_info":	"Linux lisong19-OptiPlex-9020 6.10.0init8cwnd #5 SMP PREEMPT_DYNAMIC Mon Aug  5 20:11:06 CDT 2024 x86_64",
		"timestamp":	{
			"time":	"Tue, 06 Aug 2024 03:39:06 GMT",
			"timesecs":	1722915546
		},
		"connecting_to":	{
			"host":	"10.0.0.2",
			"port":	5202
		},
		"cookie":	"b4lg7lyb7xecy6cvgw7ssxfzqrkkljug3dvs",
		"tcp_mss_default":	1448,
		"sock_bufsize":	0,
		"sndbuf_actual":	87380,
		"rcvbuf_actual":	87380,
		"test_start":	{
			"protocol":	"TCP",
			"num_streams":	1,
			"blksize":	131072,
			"omit":	0,
			"duration":	0,
			"bytes":	0,
			"blocks":	80,
			"reverse":	0,
			"tos":	0
		}
	},
	"intervals":	[{
			"streams":	[{
					"socket":	6,
					"start":	0,
					"end":	0.122906,
					"seconds":	0.12290599942207336,
					"bytes":	564720,
					"bits_per_second":	36757847.633503161,
					"retransmits":	1,
					"snd_cwnd":	26064,
					"rtt":	4176,
					"rttvar":	138,
					"pmtu":	1500,
					"omitted":	false,
					"sender":	true
				}],
			"sum":	{
				"start":	0,
				"end":	0.122906,
				"seconds":	0.12290599942207336,
				"bytes":	564720,
				"bits_per_second":	36757847.633503161,
				"retransmits":	1,
				"omitted":	false,
				"sender":	true
			}
		}],
	"end":	{
		"streams":	[{
				"sender":	{
					"socket":	6,
					"start":	0,
					"end":	0.122906,
					"seconds":	0.122906,
					"bytes":	564720,
					"bits_per_second":	36757847.460661,
					"retransmits":	1,
					"max_snd_cwnd":	26064,
					"max_rtt":	4176,
					"min_rtt":	4176,
					"mean_rtt":	4176,
					"sender":	true
				},
				"receiver":	{
					"socket":	6,
					"start":	0,
					"end":	0.164285,
					"seconds":	0.122906,
					"bytes":	424264,
					"bits_per_second":	20659901.999573912,
					"sender":	true
				}
			}],
		"sum_sent":	{
			"start":	0,
			"end":	0.122906,
			"seconds":	0.122906,
			"bytes":	564720,
			"bits_per_second":	36757847.460661,
			"retransmits":	1,
			"sender":	true
		},
		"sum_received":	{
			"start":	0,
			"end":	0.164285,
			"seconds":	0.164285,
			"bytes":	424264,
			"bits_per_second":	20659901.999573912,
			"sender":	true
		},
		"cpu_utilization_percent":	{
			"host_total":	18.9939737362835,
			"host_user":	9.12529231876237,
			"host_system":	9.8682316963482641,
			"remote_total":	1.2935935910260685,
			"remote_user":	1.2935935910260685,
			"remote_system":	0
		},
		"sender_tcp_congestion":	"cubic",
		"receiver_tcp_congestion":	"cubic"
	}
}
