{
	"start":	{
		"connected":	[{
				"socket":	6,
				"local_host":	"192.168.0.1",
				"local_port":	52474,
				"remote_host":	"10.0.0.2",
				"remote_port":	5201
			}],
		"version":	"iperf 3.9",
		"system_info":	"Linux lisong19-OptiPlex-9020 6.10.0init8cwnd #5 SMP PREEMPT_DYNAMIC Mon Aug  5 20:11:06 CDT 2024 x86_64",
		"timestamp":	{
			"time":	"Tue, 06 Aug 2024 03:45:26 GMT",
			"timesecs":	1722915926
		},
		"connecting_to":	{
			"host":	"10.0.0.2",
			"port":	5201
		},
		"cookie":	"dcrtsrarpkytu7kfquuntpexx6pgqp54gwcv",
		"tcp_mss_default":	1448,
		"sock_bufsize":	0,
		"sndbuf_actual":	87380,
		"rcvbuf_actual":	87380,
		"test_start":	{
			"protocol":	"TCP",
			"num_streams":	1,
			"blksize":	131072,
			"omit":	0,
			"duration":	0,
			"bytes":	0,
			"blocks":	80,
			"reverse":	0,
			"tos":	0
		}
	},
	"intervals":	[{
			"streams":	[{
					"socket":	6,
					"start":	0,
					"end":	0.067913,
					"seconds":	0.0679130032658577,
					"bytes":	641464,
					"bits_per_second":	75563025.535934374,
					"retransmits":	1,
					"snd_cwnd":	34752,
					"rtt":	4881,
					"rttvar":	320,
					"pmtu":	1500,
					"omitted":	false,
					"sender":	true
				}],
			"sum":	{
				"start":	0,
				"end":	0.067913,
				"seconds":	0.0679130032658577,
				"bytes":	641464,
				"bits_per_second":	75563025.535934374,
				"retransmits":	1,
				"omitted":	false,
				"sender":	true
			}
		}],
	"end":	{
		"streams":	[{
				"sender":	{
					"socket":	6,
					"start":	0,
					"end":	0.067913,
					"seconds":	0.067913,
					"bytes":	641464,
					"bits_per_second":	75563029.169672966,
					"retransmits":	1,
					"max_snd_cwnd":	34752,
					"max_rtt":	4881,
					"min_rtt":	4881,
					"mean_rtt":	4881,
					"sender":	true
				},
				"receiver":	{
					"socket":	6,
					"start":	0,
					"end":	0.116453,
					"seconds":	0.067913,
					"bytes":	441640,
					"bits_per_second":	30339450.250315577,
					"sender":	true
				}
			}],
		"sum_sent":	{
			"start":	0,
			"end":	0.067913,
			"seconds":	0.067913,
			"bytes":	641464,
			"bits_per_second":	75563029.169672966,
			"retransmits":	1,
			"sender":	true
		},
		"sum_received":	{
			"start":	0,
			"end":	0.116453,
			"seconds":	0.116453,
			"bytes":	441640,
			"bits_per_second":	30339450.250315577,
			"sender":	true
		},
		"cpu_utilization_percent":	{
			"host_total":	28.459130613635342,
			"host_user":	19.58851016512299,
			"host_system":	8.8699776965053569,
			"remote_total":	3.7769539697250538,
			"remote_user":	0.61723818350324378,
			"remote_system":	3.1590979301822677
		},
		"sender_tcp_congestion":	"reno",
		"receiver_tcp_congestion":	"reno"
	}
}
