{
	"start":	{
		"connected":	[{
				"socket":	6,
				"local_host":	"192.168.0.1",
				"local_port":	34578,
				"remote_host":	"10.0.0.2",
				"remote_port":	5202
			}],
		"version":	"iperf 3.9",
		"system_info":	"Linux lisong19-OptiPlex-9020 6.10.0init8cwnd #5 SMP PREEMPT_DYNAMIC Mon Aug  5 20:11:06 CDT 2024 x86_64",
		"timestamp":	{
			"time":	"Tue, 06 Aug 2024 03:45:26 GMT",
			"timesecs":	1722915926
		},
		"connecting_to":	{
			"host":	"10.0.0.2",
			"port":	5202
		},
		"cookie":	"h4dxxsxxfxdqjorfqa4gh7erpukay7hqruld",
		"tcp_mss_default":	1448,
		"sock_bufsize":	0,
		"sndbuf_actual":	87380,
		"rcvbuf_actual":	87380,
		"test_start":	{
			"protocol":	"TCP",
			"num_streams":	1,
			"blksize":	131072,
			"omit":	0,
			"duration":	0,
			"bytes":	0,
			"blocks":	80,
			"reverse":	0,
			"tos":	0
		}
	},
	"intervals":	[{
			"streams":	[{
					"socket":	6,
					"start":	0,
					"end":	0.065058,
					"seconds":	0.065058000385761261,
					"bytes":	654496,
					"bits_per_second":	80481539.0721101,
					"retransmits":	1,
					"snd_cwnd":	33304,
					"rtt":	4831,
					"rttvar":	324,
					"pmtu":	1500,
					"omitted":	false,
					"sender":	true
				}],
			"sum":	{
				"start":	0,
				"end":	0.065058,
				"seconds":	0.065058000385761261,
				"bytes":	654496,
				"bits_per_second":	80481539.0721101,
				"retransmits":	1,
				"omitted":	false,
				"sender":	true
			}
		}],
	"end":	{
		"streams":	[{
				"sender":	{
					"socket":	6,
					"start":	0,
					"end":	0.065058,
					"seconds":	0.065058,
					"bytes":	654496,
					"bits_per_second":	80481539.5493252,
					"retransmits":	1,
					"max_snd_cwnd":	33304,
					"max_rtt":	4831,
					"min_rtt":	4831,
					"mean_rtt":	4831,
					"sender":	true
				},
				"receiver":	{
					"socket":	6,
					"start":	0,
					"end":	0.113535,
					"seconds":	0.065058,
					"bytes":	430056,
					"bits_per_second":	30302972.651605234,
					"sender":	true
				}
			}],
		"sum_sent":	{
			"start":	0,
			"end":	0.065058,
			"seconds":	0.065058,
			"bytes":	654496,
			"bits_per_second":	80481539.5493252,
			"retransmits":	1,
			"sender":	true
		},
		"sum_received":	{
			"start":	0,
			"end":	0.113535,
			"seconds":	0.113535,
			"bytes":	430056,
			"bits_per_second":	30302972.651605234,
			"sender":	true
		},
		"cpu_utilization_percent":	{
			"host_total":	29.106360116103076,
			"host_user":	7.4837999515145164,
			"host_system":	21.623215373829634,
			"remote_total":	3.9080068786968272,
			"remote_user":	0.619208697897966,
			"remote_system":	3.2894280980907209
		},
		"sender_tcp_congestion":	"cubic",
		"receiver_tcp_congestion":	"cubic"
	}
}
