{
	"start":	{
		"connected":	[{
				"socket":	6,
				"local_host":	"192.168.0.1",
				"local_port":	46368,
				"remote_host":	"10.0.0.2",
				"remote_port":	5201
			}],
		"version":	"iperf 3.9",
		"system_info":	"Linux lisong19-OptiPlex-9020 6.10.0flag-bic-cwnd-prior #4 SMP PREEMPT_DYNAMIC Wed Aug 14 09:47:33 CDT 2024 x86_64",
		"timestamp":	{
			"time":	"Wed, 14 Aug 2024 21:30:58 GMT",
			"timesecs":	1723671058
		},
		"connecting_to":	{
			"host":	"10.0.0.2",
			"port":	5201
		},
		"cookie":	"phhfa5zcw5xufwz3md5vmlambzptpektls7n",
		"tcp_mss_default":	1448,
		"sock_bufsize":	0,
		"sndbuf_actual":	87380,
		"rcvbuf_actual":	87380,
		"test_start":	{
			"protocol":	"TCP",
			"num_streams":	1,
			"blksize":	131072,
			"omit":	0,
			"duration":	0,
			"bytes":	0,
			"blocks":	80,
			"reverse":	0,
			"tos":	0
		}
	},
	"intervals":	[{
			"streams":	[{
					"socket":	6,
					"start":	0,
					"end":	0.085651,
					"seconds":	0.0856510028243065,
					"bytes":	522728,
					"bits_per_second":	48823993.439727247,
					"retransmits":	1,
					"snd_cwnd":	31856,
					"rtt":	4296,
					"rttvar":	220,
					"pmtu":	1500,
					"omitted":	false,
					"sender":	true
				}],
			"sum":	{
				"start":	0,
				"end":	0.085651,
				"seconds":	0.0856510028243065,
				"bytes":	522728,
				"bits_per_second":	48823993.439727247,
				"retransmits":	1,
				"omitted":	false,
				"sender":	true
			}
		}],
	"end":	{
		"streams":	[{
				"sender":	{
					"socket":	6,
					"start":	0,
					"end":	0.085651,
					"seconds":	0.085651,
					"bytes":	522728,
					"bits_per_second":	48823995.049678341,
					"retransmits":	1,
					"max_snd_cwnd":	31856,
					"max_rtt":	4296,
					"min_rtt":	4296,
					"mean_rtt":	4296,
					"sender":	true
				},
				"receiver":	{
					"socket":	6,
					"start":	0,
					"end":	0.131193,
					"seconds":	0.085651,
					"bytes":	366344,
					"bits_per_second":	22339240.660705984,
					"sender":	true
				}
			}],
		"sum_sent":	{
			"start":	0,
			"end":	0.085651,
			"seconds":	0.085651,
			"bytes":	522728,
			"bits_per_second":	48823995.049678341,
			"retransmits":	1,
			"sender":	true
		},
		"sum_received":	{
			"start":	0,
			"end":	0.131193,
			"seconds":	0.131193,
			"bytes":	366344,
			"bits_per_second":	22339240.660705984,
			"sender":	true
		},
		"cpu_utilization_percent":	{
			"host_total":	24.418456912342371,
			"host_user":	7.8017300708333774,
			"host_system":	16.616197444069162,
			"remote_total":	1.449420432023383,
			"remote_user":	0,
			"remote_system":	1.449420432023383
		},
		"sender_tcp_congestion":	"reno",
		"receiver_tcp_congestion":	"reno"
	}
}
