{
	"start":	{
		"connected":	[{
				"socket":	6,
				"local_host":	"192.168.0.1",
				"local_port":	40570,
				"remote_host":	"10.0.0.2",
				"remote_port":	5202
			}],
		"version":	"iperf 3.9",
		"system_info":	"Linux lisong19-OptiPlex-9020 6.10.0flag-bic-cwnd-prior #4 SMP PREEMPT_DYNAMIC Wed Aug 14 09:47:33 CDT 2024 x86_64",
		"timestamp":	{
			"time":	"Wed, 14 Aug 2024 21:30:58 GMT",
			"timesecs":	1723671058
		},
		"connecting_to":	{
			"host":	"10.0.0.2",
			"port":	5202
		},
		"cookie":	"plyhiqt3dp5gwlmt7xirwh63yxiy344uf6ub",
		"tcp_mss_default":	1448,
		"sock_bufsize":	0,
		"sndbuf_actual":	87380,
		"rcvbuf_actual":	87380,
		"test_start":	{
			"protocol":	"TCP",
			"num_streams":	1,
			"blksize":	131072,
			"omit":	0,
			"duration":	0,
			"bytes":	0,
			"blocks":	80,
			"reverse":	0,
			"tos":	0
		}
	},
	"intervals":	[{
			"streams":	[{
					"socket":	6,
					"start":	0,
					"end":	0.113633,
					"seconds":	0.11363299936056137,
					"bytes":	556032,
					"bits_per_second":	39145811.736303225,
					"retransmits":	1,
					"snd_cwnd":	21720,
					"rtt":	4127,
					"rttvar":	68,
					"pmtu":	1500,
					"omitted":	false,
					"sender":	true
				}],
			"sum":	{
				"start":	0,
				"end":	0.113633,
				"seconds":	0.11363299936056137,
				"bytes":	556032,
				"bits_per_second":	39145811.736303225,
				"retransmits":	1,
				"omitted":	false,
				"sender":	true
			}
		}],
	"end":	{
		"streams":	[{
				"sender":	{
					"socket":	6,
					"start":	0,
					"end":	0.113633,
					"seconds":	0.113633,
					"bytes":	556032,
					"bits_per_second":	39145811.516020872,
					"retransmits":	1,
					"max_snd_cwnd":	21720,
					"max_rtt":	4127,
					"min_rtt":	4127,
					"mean_rtt":	4127,
					"sender":	true
				},
				"receiver":	{
					"socket":	6,
					"start":	0,
					"end":	0.158776,
					"seconds":	0.113633,
					"bytes":	425712,
					"bits_per_second":	21449690.1294906,
					"sender":	true
				}
			}],
		"sum_sent":	{
			"start":	0,
			"end":	0.113633,
			"seconds":	0.113633,
			"bytes":	556032,
			"bits_per_second":	39145811.516020872,
			"retransmits":	1,
			"sender":	true
		},
		"sum_received":	{
			"start":	0,
			"end":	0.158776,
			"seconds":	0.158776,
			"bytes":	425712,
			"bits_per_second":	21449690.1294906,
			"sender":	true
		},
		"cpu_utilization_percent":	{
			"host_total":	21.358390697545747,
			"host_user":	9.4416959827377127,
			"host_system":	11.916694714808035,
			"remote_total":	1.5264590635430915,
			"remote_user":	0,
			"remote_system":	1.5264590635430915
		},
		"sender_tcp_congestion":	"cubic",
		"receiver_tcp_congestion":	"cubic"
	}
}
