{
	"start":	{
		"connected":	[{
				"socket":	6,
				"local_host":	"192.168.0.1",
				"local_port":	51992,
				"remote_host":	"10.0.0.2",
				"remote_port":	5201
			}],
		"version":	"iperf 3.9",
		"system_info":	"Linux lisong19-OptiPlex-9020 6.10.0cubicprint #2 SMP PREEMPT_DYNAMIC Tue Jul 30 01:19:33 CDT 2024 x86_64",
		"timestamp":	{
			"time":	"Mon, 05 Aug 2024 17:06:11 GMT",
			"timesecs":	1722877571
		},
		"connecting_to":	{
			"host":	"10.0.0.2",
			"port":	5201
		},
		"cookie":	"flt5wgwxcesk7yji3rkqr5npluigazbpurta",
		"tcp_mss_default":	1448,
		"sock_bufsize":	0,
		"sndbuf_actual":	87380,
		"rcvbuf_actual":	87380,
		"test_start":	{
			"protocol":	"TCP",
			"num_streams":	1,
			"blksize":	131072,
			"omit":	0,
			"duration":	0,
			"bytes":	0,
			"blocks":	80,
			"reverse":	0,
			"tos":	0
		}
	},
	"intervals":	[{
			"streams":	[{
					"socket":	6,
					"start":	0,
					"end":	0.069083,
					"seconds":	0.069082997739315033,
					"bytes":	642912,
					"bits_per_second":	74450967.217842057,
					"retransmits":	1,
					"snd_cwnd":	33304,
					"rtt":	5975,
					"rttvar":	1344,
					"pmtu":	1500,
					"omitted":	false,
					"sender":	true
				}],
			"sum":	{
				"start":	0,
				"end":	0.069083,
				"seconds":	0.069082997739315033,
				"bytes":	642912,
				"bits_per_second":	74450967.217842057,
				"retransmits":	1,
				"omitted":	false,
				"sender":	true
			}
		}],
	"end":	{
		"streams":	[{
				"sender":	{
					"socket":	6,
					"start":	0,
					"end":	0.069083,
					"seconds":	0.069083,
					"bytes":	642912,
					"bits_per_second":	74450964.7814947,
					"retransmits":	1,
					"max_snd_cwnd":	33304,
					"max_rtt":	5975,
					"min_rtt":	5975,
					"mean_rtt":	5975,
					"sender":	true
				},
				"receiver":	{
					"socket":	6,
					"start":	0,
					"end":	0.118689,
					"seconds":	0.069083,
					"bytes":	419920,
					"bits_per_second":	28303886.628078423,
					"sender":	true
				}
			}],
		"sum_sent":	{
			"start":	0,
			"end":	0.069083,
			"seconds":	0.069083,
			"bytes":	642912,
			"bits_per_second":	74450964.7814947,
			"retransmits":	1,
			"sender":	true
		},
		"sum_received":	{
			"start":	0,
			"end":	0.118689,
			"seconds":	0.118689,
			"bytes":	419920,
			"bits_per_second":	28303886.628078423,
			"sender":	true
		},
		"cpu_utilization_percent":	{
			"host_total":	28.38937586667754,
			"host_user":	9.80529951748414,
			"host_system":	18.584703808047788,
			"remote_total":	3.9266431393840682,
			"remote_user":	0,
			"remote_system":	3.9260398757276866
		},
		"sender_tcp_congestion":	"reno",
		"receiver_tcp_congestion":	"reno"
	}
}
