{
	"start":	{
		"connected":	[{
				"socket":	6,
				"local_host":	"192.168.0.1",
				"local_port":	59232,
				"remote_host":	"10.0.0.2",
				"remote_port":	5201
			}],
		"version":	"iperf 3.9",
		"system_info":	"Linux lisong19-OptiPlex-9020 6.10.0cubicprint #2 SMP PREEMPT_DYNAMIC Tue Jul 30 01:19:33 CDT 2024 x86_64",
		"timestamp":	{
			"time":	"Mon, 05 Aug 2024 17:03:38 GMT",
			"timesecs":	1722877418
		},
		"connecting_to":	{
			"host":	"10.0.0.2",
			"port":	5201
		},
		"cookie":	"dh44gzgqgemokxivt2vcix6etl35z2fsja7l",
		"tcp_mss_default":	1448,
		"sock_bufsize":	0,
		"sndbuf_actual":	87380,
		"rcvbuf_actual":	87380,
		"test_start":	{
			"protocol":	"TCP",
			"num_streams":	1,
			"blksize":	131072,
			"omit":	0,
			"duration":	0,
			"bytes":	0,
			"blocks":	80,
			"reverse":	0,
			"tos":	0
		}
	},
	"intervals":	[{
			"streams":	[{
					"socket":	6,
					"start":	0,
					"end":	0.061777,
					"seconds":	0.0617769993841648,
					"bytes":	653048,
					"bits_per_second":	84568432.4599805,
					"retransmits":	1,
					"snd_cwnd":	33304,
					"rtt":	4172,
					"rttvar":	261,
					"pmtu":	1500,
					"omitted":	false,
					"sender":	true
				}],
			"sum":	{
				"start":	0,
				"end":	0.061777,
				"seconds":	0.0617769993841648,
				"bytes":	653048,
				"bits_per_second":	84568432.4599805,
				"retransmits":	1,
				"omitted":	false,
				"sender":	true
			}
		}],
	"end":	{
		"streams":	[{
				"sender":	{
					"socket":	6,
					"start":	0,
					"end":	0.061777,
					"seconds":	0.061777,
					"bytes":	653048,
					"bits_per_second":	84568431.6169448,
					"retransmits":	1,
					"max_snd_cwnd":	33304,
					"max_rtt":	4172,
					"min_rtt":	4172,
					"mean_rtt":	4172,
					"sender":	true
				},
				"receiver":	{
					"socket":	6,
					"start":	0,
					"end":	0.109177,
					"seconds":	0.061777,
					"bytes":	421368,
					"bits_per_second":	30875953.726517491,
					"sender":	true
				}
			}],
		"sum_sent":	{
			"start":	0,
			"end":	0.061777,
			"seconds":	0.061777,
			"bytes":	653048,
			"bits_per_second":	84568431.6169448,
			"retransmits":	1,
			"sender":	true
		},
		"sum_received":	{
			"start":	0,
			"end":	0.109177,
			"seconds":	0.109177,
			"bytes":	421368,
			"bits_per_second":	30875953.726517491,
			"sender":	true
		},
		"cpu_utilization_percent":	{
			"host_total":	29.20321493660596,
			"host_user":	2.5193722220036974,
			"host_system":	26.683842714602264,
			"remote_total":	3.5022359407712886,
			"remote_user":	3.5022359407712886,
			"remote_system":	0
		},
		"sender_tcp_congestion":	"reno",
		"receiver_tcp_congestion":	"reno"
	}
}
