{
	"start":	{
		"connected":	[{
				"socket":	6,
				"local_host":	"192.168.0.1",
				"local_port":	55824,
				"remote_host":	"10.0.0.2",
				"remote_port":	5201
			}],
		"version":	"iperf 3.9",
		"system_info":	"Linux lisong19-OptiPlex-9020 6.10.0cubicprint #2 SMP PREEMPT_DYNAMIC Tue Jul 30 01:19:33 CDT 2024 x86_64",
		"timestamp":	{
			"time":	"Mon, 05 Aug 2024 17:24:07 GMT",
			"timesecs":	1722878647
		},
		"connecting_to":	{
			"host":	"10.0.0.2",
			"port":	5201
		},
		"cookie":	"5yy5hyfgbbv3ce2f5ezmmo65ajuwmksu4fyw",
		"tcp_mss_default":	1448,
		"sock_bufsize":	0,
		"sndbuf_actual":	87380,
		"rcvbuf_actual":	87380,
		"test_start":	{
			"protocol":	"TCP",
			"num_streams":	1,
			"blksize":	131072,
			"omit":	0,
			"duration":	0,
			"bytes":	0,
			"blocks":	80,
			"reverse":	0,
			"tos":	0
		}
	},
	"intervals":	[{
			"streams":	[{
					"socket":	6,
					"start":	0,
					"end":	0.087894,
					"seconds":	0.0878940001130104,
					"bytes":	527072,
					"bits_per_second":	47973422.470003687,
					"retransmits":	1,
					"snd_cwnd":	31856,
					"rtt":	4788,
					"rttvar":	194,
					"pmtu":	1500,
					"omitted":	false,
					"sender":	true
				}],
			"sum":	{
				"start":	0,
				"end":	0.087894,
				"seconds":	0.0878940001130104,
				"bytes":	527072,
				"bits_per_second":	47973422.470003687,
				"retransmits":	1,
				"omitted":	false,
				"sender":	true
			}
		}],
	"end":	{
		"streams":	[{
				"sender":	{
					"socket":	6,
					"start":	0,
					"end":	0.087894,
					"seconds":	0.087894,
					"bytes":	527072,
					"bits_per_second":	47973422.5316859,
					"retransmits":	1,
					"max_snd_cwnd":	31856,
					"max_rtt":	4788,
					"min_rtt":	4788,
					"mean_rtt":	4788,
					"sender":	true
				},
				"receiver":	{
					"socket":	6,
					"start":	0,
					"end":	0.13368,
					"seconds":	0.087894,
					"bytes":	373584,
					"bits_per_second":	22356912.028725315,
					"sender":	true
				}
			}],
		"sum_sent":	{
			"start":	0,
			"end":	0.087894,
			"seconds":	0.087894,
			"bytes":	527072,
			"bits_per_second":	47973422.5316859,
			"retransmits":	1,
			"sender":	true
		},
		"sum_received":	{
			"start":	0,
			"end":	0.13368,
			"seconds":	0.13368,
			"bytes":	373584,
			"bits_per_second":	22356912.028725315,
			"sender":	true
		},
		"cpu_utilization_percent":	{
			"host_total":	23.944318670445067,
			"host_user":	11.563149196744497,
			"host_system":	12.380651411460573,
			"remote_total":	1.7661046576921011,
			"remote_user":	0.629879736915347,
			"remote_system":	1.13671319964258
		},
		"sender_tcp_congestion":	"reno",
		"receiver_tcp_congestion":	"reno"
	}
}
