{
	"start":	{
		"connected":	[{
				"socket":	6,
				"local_host":	"192.168.0.1",
				"local_port":	32964,
				"remote_host":	"10.0.0.2",
				"remote_port":	5202
			}],
		"version":	"iperf 3.9",
		"system_info":	"Linux lisong19-OptiPlex-9020 6.10.0cubicprint #2 SMP PREEMPT_DYNAMIC Tue Jul 30 01:19:33 CDT 2024 x86_64",
		"timestamp":	{
			"time":	"Mon, 05 Aug 2024 17:05:10 GMT",
			"timesecs":	1722877510
		},
		"connecting_to":	{
			"host":	"10.0.0.2",
			"port":	5202
		},
		"cookie":	"xjjdtxyyu36q6j3ttswcz6db6spubtkyognl",
		"tcp_mss_default":	1448,
		"sock_bufsize":	0,
		"sndbuf_actual":	87380,
		"rcvbuf_actual":	87380,
		"test_start":	{
			"protocol":	"TCP",
			"num_streams":	1,
			"blksize":	131072,
			"omit":	0,
			"duration":	0,
			"bytes":	0,
			"blocks":	80,
			"reverse":	0,
			"tos":	0
		}
	},
	"intervals":	[{
			"streams":	[{
					"socket":	6,
					"start":	0,
					"end":	0.072835,
					"seconds":	0.0728349983692169,
					"bytes":	598024,
					"bits_per_second":	65685345.055516571,
					"retransmits":	1,
					"snd_cwnd":	27512,
					"rtt":	1890,
					"rttvar":	183,
					"pmtu":	1500,
					"omitted":	false,
					"sender":	true
				}],
			"sum":	{
				"start":	0,
				"end":	0.072835,
				"seconds":	0.0728349983692169,
				"bytes":	598024,
				"bits_per_second":	65685345.055516571,
				"retransmits":	1,
				"omitted":	false,
				"sender":	true
			}
		}],
	"end":	{
		"streams":	[{
				"sender":	{
					"socket":	6,
					"start":	0,
					"end":	0.072835,
					"seconds":	0.072835,
					"bytes":	598024,
					"bits_per_second":	65685343.584815,
					"retransmits":	1,
					"max_snd_cwnd":	27512,
					"max_rtt":	1890,
					"min_rtt":	1890,
					"mean_rtt":	1890,
					"sender":	true
				},
				"receiver":	{
					"socket":	6,
					"start":	0,
					"end":	0.117726,
					"seconds":	0.072835,
					"bytes":	448880,
					"bits_per_second":	30503372.237228822,
					"sender":	true
				}
			}],
		"sum_sent":	{
			"start":	0,
			"end":	0.072835,
			"seconds":	0.072835,
			"bytes":	598024,
			"bits_per_second":	65685343.584815,
			"retransmits":	1,
			"sender":	true
		},
		"sum_received":	{
			"start":	0,
			"end":	0.117726,
			"seconds":	0.117726,
			"bytes":	448880,
			"bits_per_second":	30503372.237228822,
			"sender":	true
		},
		"cpu_utilization_percent":	{
			"host_total":	27.394334462983881,
			"host_user":	1.7148465712328007,
			"host_system":	25.67948789175108,
			"remote_total":	4.48073828966941,
			"remote_user":	4.48073828966941,
			"remote_system":	0
		},
		"sender_tcp_congestion":	"cubic",
		"receiver_tcp_congestion":	"cubic"
	}
}
