{
	"start":	{
		"connected":	[{
				"socket":	6,
				"local_host":	"192.168.0.1",
				"local_port":	43744,
				"remote_host":	"10.0.0.2",
				"remote_port":	5202
			}],
		"version":	"iperf 3.9",
		"system_info":	"Linux lisong19-OptiPlex-9020 6.10.0flag-bic-cwnd-prior #4 SMP PREEMPT_DYNAMIC Wed Aug 14 09:47:33 CDT 2024 x86_64",
		"timestamp":	{
			"time":	"Wed, 14 Aug 2024 21:33:31 GMT",
			"timesecs":	1723671211
		},
		"connecting_to":	{
			"host":	"10.0.0.2",
			"port":	5202
		},
		"cookie":	"ge66m63m5rginercqk4b56dbhvue3b36evc5",
		"tcp_mss_default":	1448,
		"sock_bufsize":	0,
		"sndbuf_actual":	87380,
		"rcvbuf_actual":	87380,
		"test_start":	{
			"protocol":	"TCP",
			"num_streams":	1,
			"blksize":	131072,
			"omit":	0,
			"duration":	0,
			"bytes":	0,
			"blocks":	80,
			"reverse":	0,
			"tos":	0
		}
	},
	"intervals":	[{
			"streams":	[{
					"socket":	6,
					"start":	0,
					"end":	0.101892,
					"seconds":	0.10189200192689896,
					"bytes":	548792,
					"bits_per_second":	43088131.717637539,
					"retransmits":	1,
					"snd_cwnd":	26064,
					"rtt":	4450,
					"rttvar":	232,
					"pmtu":	1500,
					"omitted":	false,
					"sender":	true
				}],
			"sum":	{
				"start":	0,
				"end":	0.101892,
				"seconds":	0.10189200192689896,
				"bytes":	548792,
				"bits_per_second":	43088131.717637539,
				"retransmits":	1,
				"omitted":	false,
				"sender":	true
			}
		}],
	"end":	{
		"streams":	[{
				"sender":	{
					"socket":	6,
					"start":	0,
					"end":	0.101892,
					"seconds":	0.101892,
					"bytes":	548792,
					"bits_per_second":	43088132.532485381,
					"retransmits":	1,
					"max_snd_cwnd":	26064,
					"max_rtt":	4450,
					"min_rtt":	4450,
					"mean_rtt":	4450,
					"sender":	true
				},
				"receiver":	{
					"socket":	6,
					"start":	0,
					"end":	0.142705,
					"seconds":	0.101892,
					"bytes":	408336,
					"bits_per_second":	22891195.122805789,
					"sender":	true
				}
			}],
		"sum_sent":	{
			"start":	0,
			"end":	0.101892,
			"seconds":	0.101892,
			"bytes":	548792,
			"bits_per_second":	43088132.532485381,
			"retransmits":	1,
			"sender":	true
		},
		"sum_received":	{
			"start":	0,
			"end":	0.142705,
			"seconds":	0.142705,
			"bytes":	408336,
			"bits_per_second":	22891195.122805789,
			"sender":	true
		},
		"cpu_utilization_percent":	{
			"host_total":	20.70122668129801,
			"host_user":	9.0781274494434872,
			"host_system":	11.622609343157235,
			"remote_total":	2.3339217430590162,
			"remote_user":	0.37959413701718187,
			"remote_system":	1.9543276060418346
		},
		"sender_tcp_congestion":	"cubic",
		"receiver_tcp_congestion":	"cubic"
	}
}
