{
	"start":	{
		"connected":	[{
				"socket":	6,
				"local_host":	"192.168.0.1",
				"local_port":	58760,
				"remote_host":	"10.0.0.2",
				"remote_port":	5201
			}],
		"version":	"iperf 3.9",
		"system_info":	"Linux lisong19-OptiPlex-9020 6.10.0cubicprint #2 SMP PREEMPT_DYNAMIC Tue Jul 30 01:19:33 CDT 2024 x86_64",
		"timestamp":	{
			"time":	"Mon, 05 Aug 2024 17:23:36 GMT",
			"timesecs":	1722878616
		},
		"connecting_to":	{
			"host":	"10.0.0.2",
			"port":	5201
		},
		"cookie":	"ibp55t6f5fresb244w5cf7jrnsn7jhqbeiif",
		"tcp_mss_default":	1448,
		"sock_bufsize":	0,
		"sndbuf_actual":	87380,
		"rcvbuf_actual":	87380,
		"test_start":	{
			"protocol":	"TCP",
			"num_streams":	1,
			"blksize":	131072,
			"omit":	0,
			"duration":	0,
			"bytes":	0,
			"blocks":	80,
			"reverse":	0,
			"tos":	0
		}
	},
	"intervals":	[{
			"streams":	[{
					"socket":	6,
					"start":	0,
					"end":	0.0862,
					"seconds":	0.0861999988555908,
					"bytes":	524176,
					"bits_per_second":	48647425.239820883,
					"retransmits":	1,
					"snd_cwnd":	31856,
					"rtt":	4327,
					"rttvar":	143,
					"pmtu":	1500,
					"omitted":	false,
					"sender":	true
				}],
			"sum":	{
				"start":	0,
				"end":	0.0862,
				"seconds":	0.0861999988555908,
				"bytes":	524176,
				"bits_per_second":	48647425.239820883,
				"retransmits":	1,
				"omitted":	false,
				"sender":	true
			}
		}],
	"end":	{
		"streams":	[{
				"sender":	{
					"socket":	6,
					"start":	0,
					"end":	0.0862,
					"seconds":	0.0862,
					"bytes":	524176,
					"bits_per_second":	48647424.59396752,
					"retransmits":	1,
					"max_snd_cwnd":	31856,
					"max_rtt":	4327,
					"min_rtt":	4327,
					"mean_rtt":	4327,
					"sender":	true
				},
				"receiver":	{
					"socket":	6,
					"start":	0,
					"end":	0.127924,
					"seconds":	0.0862,
					"bytes":	370688,
					"bits_per_second":	23181764.1724774,
					"sender":	true
				}
			}],
		"sum_sent":	{
			"start":	0,
			"end":	0.0862,
			"seconds":	0.0862,
			"bytes":	524176,
			"bits_per_second":	48647424.59396752,
			"retransmits":	1,
			"sender":	true
		},
		"sum_received":	{
			"start":	0,
			"end":	0.127924,
			"seconds":	0.127924,
			"bytes":	370688,
			"bits_per_second":	23181764.1724774,
			"sender":	true
		},
		"cpu_utilization_percent":	{
			"host_total":	22.72198401241085,
			"host_user":	9.8564995367477533,
			"host_system":	12.8649458102605,
			"remote_total":	1.6959742026502744,
			"remote_user":	0,
			"remote_system":	1.6954703481634505
		},
		"sender_tcp_congestion":	"reno",
		"receiver_tcp_congestion":	"reno"
	}
}
