{
	"start":	{
		"connected":	[{
				"socket":	6,
				"local_host":	"192.168.0.1",
				"local_port":	40018,
				"remote_host":	"10.0.0.2",
				"remote_port":	5201
			}],
		"version":	"iperf 3.9",
		"system_info":	"Linux lisong19-OptiPlex-9020 6.10.0init8cwnd #5 SMP PREEMPT_DYNAMIC Mon Aug  5 20:11:06 CDT 2024 x86_64",
		"timestamp":	{
			"time":	"Tue, 06 Aug 2024 03:39:37 GMT",
			"timesecs":	1722915577
		},
		"connecting_to":	{
			"host":	"10.0.0.2",
			"port":	5201
		},
		"cookie":	"hvhmwjueokknncndljh3vzzq3alnikm5suvu",
		"tcp_mss_default":	1448,
		"sock_bufsize":	0,
		"sndbuf_actual":	87380,
		"rcvbuf_actual":	87380,
		"test_start":	{
			"protocol":	"TCP",
			"num_streams":	1,
			"blksize":	131072,
			"omit":	0,
			"duration":	0,
			"bytes":	0,
			"blocks":	80,
			"reverse":	0,
			"tos":	0
		}
	},
	"intervals":	[{
			"streams":	[{
					"socket":	6,
					"start":	0,
					"end":	0.089036,
					"seconds":	0.0890360027551651,
					"bytes":	509696,
					"bits_per_second":	45796844.802351087,
					"retransmits":	1,
					"snd_cwnd":	30408,
					"rtt":	4311,
					"rttvar":	172,
					"pmtu":	1500,
					"omitted":	false,
					"sender":	true
				}],
			"sum":	{
				"start":	0,
				"end":	0.089036,
				"seconds":	0.0890360027551651,
				"bytes":	509696,
				"bits_per_second":	45796844.802351087,
				"retransmits":	1,
				"omitted":	false,
				"sender":	true
			}
		}],
	"end":	{
		"streams":	[{
				"sender":	{
					"socket":	6,
					"start":	0,
					"end":	0.089036,
					"seconds":	0.089036,
					"bytes":	509696,
					"bits_per_second":	45796846.2195067,
					"retransmits":	1,
					"max_snd_cwnd":	30408,
					"max_rtt":	4311,
					"min_rtt":	4311,
					"mean_rtt":	4311,
					"sender":	true
				},
				"receiver":	{
					"socket":	6,
					"start":	0,
					"end":	0.130652,
					"seconds":	0.089036,
					"bytes":	356208,
					"bits_per_second":	21811101.246058233,
					"sender":	true
				}
			}],
		"sum_sent":	{
			"start":	0,
			"end":	0.089036,
			"seconds":	0.089036,
			"bytes":	509696,
			"bits_per_second":	45796846.2195067,
			"retransmits":	1,
			"sender":	true
		},
		"sum_received":	{
			"start":	0,
			"end":	0.130652,
			"seconds":	0.130652,
			"bytes":	356208,
			"bits_per_second":	21811101.246058233,
			"sender":	true
		},
		"cpu_utilization_percent":	{
			"host_total":	22.495382459715945,
			"host_user":	9.70851113517186,
			"host_system":	12.7863405727873,
			"remote_total":	1.5501782705011076,
			"remote_user":	1.5501782705011076,
			"remote_system":	0
		},
		"sender_tcp_congestion":	"reno",
		"receiver_tcp_congestion":	"reno"
	}
}
