{
	"start":	{
		"connected":	[{
				"socket":	6,
				"local_host":	"192.168.0.1",
				"local_port":	60030,
				"remote_host":	"10.0.0.2",
				"remote_port":	5201
			}],
		"version":	"iperf 3.9",
		"system_info":	"Linux lisong19-OptiPlex-9020 6.10.0cubicprint #2 SMP PREEMPT_DYNAMIC Tue Jul 30 01:19:33 CDT 2024 x86_64",
		"timestamp":	{
			"time":	"Mon, 05 Aug 2024 17:03:08 GMT",
			"timesecs":	1722877388
		},
		"connecting_to":	{
			"host":	"10.0.0.2",
			"port":	5201
		},
		"cookie":	"czn2s235ooowweujygy2w7dnclgqzhd6bssh",
		"tcp_mss_default":	1448,
		"sock_bufsize":	0,
		"sndbuf_actual":	87380,
		"rcvbuf_actual":	87380,
		"test_start":	{
			"protocol":	"TCP",
			"num_streams":	1,
			"blksize":	131072,
			"omit":	0,
			"duration":	0,
			"bytes":	0,
			"blocks":	80,
			"reverse":	0,
			"tos":	0
		}
	},
	"intervals":	[{
			"streams":	[{
					"socket":	6,
					"start":	0,
					"end":	0.058301,
					"seconds":	0.058301001787185669,
					"bytes":	653048,
					"bits_per_second":	89610535.6657576,
					"retransmits":	1,
					"snd_cwnd":	33304,
					"rtt":	4395,
					"rttvar":	286,
					"pmtu":	1500,
					"omitted":	false,
					"sender":	true
				}],
			"sum":	{
				"start":	0,
				"end":	0.058301,
				"seconds":	0.058301001787185669,
				"bytes":	653048,
				"bits_per_second":	89610535.6657576,
				"retransmits":	1,
				"omitted":	false,
				"sender":	true
			}
		}],
	"end":	{
		"streams":	[{
				"sender":	{
					"socket":	6,
					"start":	0,
					"end":	0.058301,
					"seconds":	0.058301,
					"bytes":	653048,
					"bits_per_second":	89610538.4127202,
					"retransmits":	1,
					"max_snd_cwnd":	33304,
					"max_rtt":	4395,
					"min_rtt":	4395,
					"mean_rtt":	4395,
					"sender":	true
				},
				"receiver":	{
					"socket":	6,
					"start":	0,
					"end":	0.105645,
					"seconds":	0.058301,
					"bytes":	418472,
					"bits_per_second":	31688920.441099908,
					"sender":	true
				}
			}],
		"sum_sent":	{
			"start":	0,
			"end":	0.058301,
			"seconds":	0.058301,
			"bytes":	653048,
			"bits_per_second":	89610538.4127202,
			"retransmits":	1,
			"sender":	true
		},
		"sum_received":	{
			"start":	0,
			"end":	0.105645,
			"seconds":	0.105645,
			"bytes":	418472,
			"bits_per_second":	31688920.441099908,
			"sender":	true
		},
		"cpu_utilization_percent":	{
			"host_total":	31.064823253922629,
			"host_user":	4.68611971900108,
			"host_system":	26.378002439810981,
			"remote_total":	3.8222330385873824,
			"remote_user":	3.8215570157648524,
			"remote_system":	0
		},
		"sender_tcp_congestion":	"reno",
		"receiver_tcp_congestion":	"reno"
	}
}
