{
	"start":	{
		"connected":	[{
				"socket":	6,
				"local_host":	"192.168.0.1",
				"local_port":	43130,
				"remote_host":	"10.0.0.2",
				"remote_port":	5202
			}],
		"version":	"iperf 3.9",
		"system_info":	"Linux lisong19-OptiPlex-9020 6.10.0cubicprint #2 SMP PREEMPT_DYNAMIC Tue Jul 30 01:19:33 CDT 2024 x86_64",
		"timestamp":	{
			"time":	"Mon, 05 Aug 2024 17:03:08 GMT",
			"timesecs":	1722877388
		},
		"connecting_to":	{
			"host":	"10.0.0.2",
			"port":	5202
		},
		"cookie":	"xohntru3ywy7e7u4dhz776klsgrzbnsnhrxr",
		"tcp_mss_default":	1448,
		"sock_bufsize":	0,
		"sndbuf_actual":	87380,
		"rcvbuf_actual":	87380,
		"test_start":	{
			"protocol":	"TCP",
			"num_streams":	1,
			"blksize":	131072,
			"omit":	0,
			"duration":	0,
			"bytes":	0,
			"blocks":	80,
			"reverse":	0,
			"tos":	0
		}
	},
	"intervals":	[{
			"streams":	[{
					"socket":	6,
					"start":	0,
					"end":	0.067722,
					"seconds":	0.067722000181674957,
					"bytes":	524176,
					"bits_per_second":	61920911.797503337,
					"retransmits":	1,
					"snd_cwnd":	24616,
					"rtt":	2683,
					"rttvar":	615,
					"pmtu":	1500,
					"omitted":	false,
					"sender":	true
				}],
			"sum":	{
				"start":	0,
				"end":	0.067722,
				"seconds":	0.067722000181674957,
				"bytes":	524176,
				"bits_per_second":	61920911.797503337,
				"retransmits":	1,
				"omitted":	false,
				"sender":	true
			}
		}],
	"end":	{
		"streams":	[{
				"sender":	{
					"socket":	6,
					"start":	0,
					"end":	0.067722,
					"seconds":	0.067722,
					"bytes":	524176,
					"bits_per_second":	61920911.963615954,
					"retransmits":	1,
					"max_snd_cwnd":	24616,
					"max_rtt":	2683,
					"min_rtt":	2683,
					"mean_rtt":	2683,
					"sender":	true
				},
				"receiver":	{
					"socket":	6,
					"start":	0,
					"end":	0.112908,
					"seconds":	0.067722,
					"bytes":	390960,
					"bits_per_second":	27701137.209055163,
					"sender":	true
				}
			}],
		"sum_sent":	{
			"start":	0,
			"end":	0.067722,
			"seconds":	0.067722,
			"bytes":	524176,
			"bits_per_second":	61920911.963615954,
			"retransmits":	1,
			"sender":	true
		},
		"sum_received":	{
			"start":	0,
			"end":	0.112908,
			"seconds":	0.112908,
			"bytes":	390960,
			"bits_per_second":	27701137.209055163,
			"sender":	true
		},
		"cpu_utilization_percent":	{
			"host_total":	29.236627666081326,
			"host_user":	12.851120362514715,
			"host_system":	16.384849620845912,
			"remote_total":	3.121169503116008,
			"remote_user":	0.51417364489116557,
			"remote_system":	2.606350721907539
		},
		"sender_tcp_congestion":	"cubic",
		"receiver_tcp_congestion":	"cubic"
	}
}
