{
	"start":	{
		"connected":	[{
				"socket":	6,
				"local_host":	"192.168.0.1",
				"local_port":	54218,
				"remote_host":	"10.0.0.2",
				"remote_port":	5201
			}],
		"version":	"iperf 3.9",
		"system_info":	"Linux lisong19-OptiPlex-9020 6.10.0cubicprint #2 SMP PREEMPT_DYNAMIC Tue Jul 30 01:19:33 CDT 2024 x86_64",
		"timestamp":	{
			"time":	"Mon, 05 Aug 2024 17:23:06 GMT",
			"timesecs":	1722878586
		},
		"connecting_to":	{
			"host":	"10.0.0.2",
			"port":	5201
		},
		"cookie":	"jfcgyomq5ckchllfkvmub62ny5ee3chmupqy",
		"tcp_mss_default":	1448,
		"sock_bufsize":	0,
		"sndbuf_actual":	87380,
		"rcvbuf_actual":	87380,
		"test_start":	{
			"protocol":	"TCP",
			"num_streams":	1,
			"blksize":	131072,
			"omit":	0,
			"duration":	0,
			"bytes":	0,
			"blocks":	80,
			"reverse":	0,
			"tos":	0
		}
	},
	"intervals":	[{
			"streams":	[{
					"socket":	6,
					"start":	0,
					"end":	0.091396,
					"seconds":	0.0913959965109825,
					"bytes":	629880,
					"bits_per_second":	55134143.642653853,
					"retransmits":	1,
					"snd_cwnd":	33304,
					"rtt":	4477,
					"rttvar":	157,
					"pmtu":	1500,
					"omitted":	false,
					"sender":	true
				}],
			"sum":	{
				"start":	0,
				"end":	0.091396,
				"seconds":	0.0913959965109825,
				"bytes":	629880,
				"bits_per_second":	55134143.642653853,
				"retransmits":	1,
				"omitted":	false,
				"sender":	true
			}
		}],
	"end":	{
		"streams":	[{
				"sender":	{
					"socket":	6,
					"start":	0,
					"end":	0.091396,
					"seconds":	0.091396,
					"bytes":	629880,
					"bits_per_second":	55134141.537922882,
					"retransmits":	1,
					"max_snd_cwnd":	33304,
					"max_rtt":	4477,
					"min_rtt":	4477,
					"mean_rtt":	4477,
					"sender":	true
				},
				"receiver":	{
					"socket":	6,
					"start":	0,
					"end":	0.132871,
					"seconds":	0.091396,
					"bytes":	405440,
					"bits_per_second":	24411045.299576283,
					"sender":	true
				}
			}],
		"sum_sent":	{
			"start":	0,
			"end":	0.091396,
			"seconds":	0.091396,
			"bytes":	629880,
			"bits_per_second":	55134141.537922882,
			"retransmits":	1,
			"sender":	true
		},
		"sum_received":	{
			"start":	0,
			"end":	0.132871,
			"seconds":	0.132871,
			"bytes":	405440,
			"bits_per_second":	24411045.299576283,
			"sender":	true
		},
		"cpu_utilization_percent":	{
			"host_total":	21.664754568548716,
			"host_user":	13.496681143980988,
			"host_system":	8.16807342456773,
			"remote_total":	1.7400461822362636,
			"remote_user":	1.7395631044510786,
			"remote_system":	0
		},
		"sender_tcp_congestion":	"reno",
		"receiver_tcp_congestion":	"reno"
	}
}
