{
	"start":	{
		"connected":	[{
				"socket":	6,
				"local_host":	"192.168.0.1",
				"local_port":	45266,
				"remote_host":	"10.0.0.2",
				"remote_port":	5202
			}],
		"version":	"iperf 3.9",
		"system_info":	"Linux lisong19-OptiPlex-9020 6.10.0cubicprint #2 SMP PREEMPT_DYNAMIC Tue Jul 30 01:19:33 CDT 2024 x86_64",
		"timestamp":	{
			"time":	"Mon, 05 Aug 2024 17:23:06 GMT",
			"timesecs":	1722878586
		},
		"connecting_to":	{
			"host":	"10.0.0.2",
			"port":	5202
		},
		"cookie":	"vr547idl23362b52juw5m2q2itksudpbu2cp",
		"tcp_mss_default":	1448,
		"sock_bufsize":	0,
		"sndbuf_actual":	87380,
		"rcvbuf_actual":	87380,
		"test_start":	{
			"protocol":	"TCP",
			"num_streams":	1,
			"blksize":	131072,
			"omit":	0,
			"duration":	0,
			"bytes":	0,
			"blocks":	80,
			"reverse":	0,
			"tos":	0
		}
	},
	"intervals":	[{
			"streams":	[{
					"socket":	6,
					"start":	0,
					"end":	0.102113,
					"seconds":	0.10211300104856491,
					"bytes":	551688,
					"bits_per_second":	43221763.680228524,
					"retransmits":	1,
					"snd_cwnd":	26064,
					"rtt":	4318,
					"rttvar":	106,
					"pmtu":	1500,
					"omitted":	false,
					"sender":	true
				}],
			"sum":	{
				"start":	0,
				"end":	0.102113,
				"seconds":	0.10211300104856491,
				"bytes":	551688,
				"bits_per_second":	43221763.680228524,
				"retransmits":	1,
				"omitted":	false,
				"sender":	true
			}
		}],
	"end":	{
		"streams":	[{
				"sender":	{
					"socket":	6,
					"start":	0,
					"end":	0.102113,
					"seconds":	0.102113,
					"bytes":	551688,
					"bits_per_second":	43221764.124058641,
					"retransmits":	1,
					"max_snd_cwnd":	26064,
					"max_rtt":	4318,
					"min_rtt":	4318,
					"mean_rtt":	4318,
					"sender":	true
				},
				"receiver":	{
					"socket":	6,
					"start":	0,
					"end":	0.142861,
					"seconds":	0.102113,
					"bytes":	408336,
					"bits_per_second":	22866198.61263746,
					"sender":	true
				}
			}],
		"sum_sent":	{
			"start":	0,
			"end":	0.102113,
			"seconds":	0.102113,
			"bytes":	551688,
			"bits_per_second":	43221764.124058641,
			"retransmits":	1,
			"sender":	true
		},
		"sum_received":	{
			"start":	0,
			"end":	0.142861,
			"seconds":	0.142861,
			"bytes":	408336,
			"bits_per_second":	22866198.61263746,
			"sender":	true
		},
		"cpu_utilization_percent":	{
			"host_total":	20.45808791753058,
			"host_user":	10.893791000422446,
			"host_system":	9.56429691710813,
			"remote_total":	1.5343712994235739,
			"remote_user":	1.5343712994235739,
			"remote_system":	0
		},
		"sender_tcp_congestion":	"cubic",
		"receiver_tcp_congestion":	"cubic"
	}
}
