{
	"start":	{
		"connected":	[{
				"socket":	6,
				"local_host":	"192.168.0.1",
				"local_port":	46186,
				"remote_host":	"10.0.0.2",
				"remote_port":	5201
			}],
		"version":	"iperf 3.9",
		"system_info":	"Linux lisong19-OptiPlex-9020 6.10.0init8cwnd #5 SMP PREEMPT_DYNAMIC Mon Aug  5 20:11:06 CDT 2024 x86_64",
		"timestamp":	{
			"time":	"Tue, 06 Aug 2024 03:43:54 GMT",
			"timesecs":	1722915834
		},
		"connecting_to":	{
			"host":	"10.0.0.2",
			"port":	5201
		},
		"cookie":	"da37hbxtcjiw4433xvnbi7nphaocy3ibb5p6",
		"tcp_mss_default":	1448,
		"sock_bufsize":	0,
		"sndbuf_actual":	87380,
		"rcvbuf_actual":	87380,
		"test_start":	{
			"protocol":	"TCP",
			"num_streams":	1,
			"blksize":	131072,
			"omit":	0,
			"duration":	0,
			"bytes":	0,
			"blocks":	80,
			"reverse":	0,
			"tos":	0
		}
	},
	"intervals":	[{
			"streams":	[{
					"socket":	6,
					"start":	0,
					"end":	0.061414,
					"seconds":	0.061413999646902084,
					"bytes":	690696,
					"bits_per_second":	89972449.795959949,
					"retransmits":	1,
					"snd_cwnd":	36200,
					"rtt":	4179,
					"rttvar":	216,
					"pmtu":	1500,
					"omitted":	false,
					"sender":	true
				}],
			"sum":	{
				"start":	0,
				"end":	0.061414,
				"seconds":	0.061413999646902084,
				"bytes":	690696,
				"bits_per_second":	89972449.795959949,
				"retransmits":	1,
				"omitted":	false,
				"sender":	true
			}
		}],
	"end":	{
		"streams":	[{
				"sender":	{
					"socket":	6,
					"start":	0,
					"end":	0.061414,
					"seconds":	0.061414,
					"bytes":	690696,
					"bits_per_second":	89972449.2786661,
					"retransmits":	1,
					"max_snd_cwnd":	36200,
					"max_rtt":	4179,
					"min_rtt":	4179,
					"mean_rtt":	4179,
					"sender":	true
				},
				"receiver":	{
					"socket":	6,
					"start":	0,
					"end":	0.108711,
					"seconds":	0.061414,
					"bytes":	474944,
					"bits_per_second":	34950943.326802254,
					"sender":	true
				}
			}],
		"sum_sent":	{
			"start":	0,
			"end":	0.061414,
			"seconds":	0.061414,
			"bytes":	690696,
			"bits_per_second":	89972449.2786661,
			"retransmits":	1,
			"sender":	true
		},
		"sum_received":	{
			"start":	0,
			"end":	0.108711,
			"seconds":	0.108711,
			"bytes":	474944,
			"bits_per_second":	34950943.326802254,
			"sender":	true
		},
		"cpu_utilization_percent":	{
			"host_total":	29.668517177568589,
			"host_user":	15.397457558934748,
			"host_system":	14.270389143669377,
			"remote_total":	4.4194819564781325,
			"remote_user":	4.4188348873776224,
			"remote_system":	0
		},
		"sender_tcp_congestion":	"reno",
		"receiver_tcp_congestion":	"reno"
	}
}
