{
	"start":	{
		"connected":	[{
				"socket":	6,
				"local_host":	"192.168.0.1",
				"local_port":	36558,
				"remote_host":	"10.0.0.2",
				"remote_port":	5202
			}],
		"version":	"iperf 3.9",
		"system_info":	"Linux lisong19-OptiPlex-9020 6.10.0init8cwnd #5 SMP PREEMPT_DYNAMIC Mon Aug  5 20:11:06 CDT 2024 x86_64",
		"timestamp":	{
			"time":	"Tue, 06 Aug 2024 03:43:54 GMT",
			"timesecs":	1722915834
		},
		"connecting_to":	{
			"host":	"10.0.0.2",
			"port":	5202
		},
		"cookie":	"ymarugf2a2hpb42sj3x723qm6svqra34kchz",
		"tcp_mss_default":	1448,
		"sock_bufsize":	0,
		"sndbuf_actual":	87380,
		"rcvbuf_actual":	87380,
		"test_start":	{
			"protocol":	"TCP",
			"num_streams":	1,
			"blksize":	131072,
			"omit":	0,
			"duration":	0,
			"bytes":	0,
			"blocks":	80,
			"reverse":	0,
			"tos":	0
		}
	},
	"intervals":	[{
			"streams":	[{
					"socket":	6,
					"start":	0,
					"end":	0.074354,
					"seconds":	0.074354000389575958,
					"bytes":	566168,
					"bits_per_second":	60915942.3335478,
					"retransmits":	1,
					"snd_cwnd":	31856,
					"rtt":	1876,
					"rttvar":	211,
					"pmtu":	1500,
					"omitted":	false,
					"sender":	true
				}],
			"sum":	{
				"start":	0,
				"end":	0.074354,
				"seconds":	0.074354000389575958,
				"bytes":	566168,
				"bits_per_second":	60915942.3335478,
				"retransmits":	1,
				"omitted":	false,
				"sender":	true
			}
		}],
	"end":	{
		"streams":	[{
				"sender":	{
					"socket":	6,
					"start":	0,
					"end":	0.074354,
					"seconds":	0.074354,
					"bytes":	566168,
					"bits_per_second":	60915942.652715385,
					"retransmits":	1,
					"max_snd_cwnd":	31856,
					"max_rtt":	1876,
					"min_rtt":	1876,
					"mean_rtt":	1876,
					"sender":	true
				},
				"receiver":	{
					"socket":	6,
					"start":	0,
					"end":	0.119865,
					"seconds":	0.074354,
					"bytes":	405440,
					"bits_per_second":	27059775.5808618,
					"sender":	true
				}
			}],
		"sum_sent":	{
			"start":	0,
			"end":	0.074354,
			"seconds":	0.074354,
			"bytes":	566168,
			"bits_per_second":	60915942.652715385,
			"retransmits":	1,
			"sender":	true
		},
		"sum_received":	{
			"start":	0,
			"end":	0.119865,
			"seconds":	0.119865,
			"bytes":	405440,
			"bits_per_second":	27059775.5808618,
			"sender":	true
		},
		"cpu_utilization_percent":	{
			"host_total":	27.385674540261441,
			"host_user":	8.59947070689623,
			"host_system":	18.786203833365207,
			"remote_total":	3.7182812471659443,
			"remote_user":	1.5145194348212505,
			"remote_system":	2.2025526151911436
		},
		"sender_tcp_congestion":	"cubic",
		"receiver_tcp_congestion":	"cubic"
	}
}
