{
	"start":	{
		"connected":	[{
				"socket":	6,
				"local_host":	"192.168.0.1",
				"local_port":	43982,
				"remote_host":	"10.0.0.2",
				"remote_port":	5201
			}],
		"version":	"iperf 3.9",
		"system_info":	"Linux lisong19-OptiPlex-9020 6.10.0init8cwnd #5 SMP PREEMPT_DYNAMIC Mon Aug  5 20:11:06 CDT 2024 x86_64",
		"timestamp":	{
			"time":	"Tue, 06 Aug 2024 03:40:38 GMT",
			"timesecs":	1722915638
		},
		"connecting_to":	{
			"host":	"10.0.0.2",
			"port":	5201
		},
		"cookie":	"srymzbbg2a7vljrqwk3zxemyys57pfx2qhlk",
		"tcp_mss_default":	1448,
		"sock_bufsize":	0,
		"sndbuf_actual":	87380,
		"rcvbuf_actual":	87380,
		"test_start":	{
			"protocol":	"TCP",
			"num_streams":	1,
			"blksize":	131072,
			"omit":	0,
			"duration":	0,
			"bytes":	0,
			"blocks":	80,
			"reverse":	0,
			"tos":	0
		}
	},
	"intervals":	[{
			"streams":	[{
					"socket":	6,
					"start":	0,
					"end":	0.089709,
					"seconds":	0.089708998799324036,
					"bytes":	506800,
					"bits_per_second":	45195020.056678534,
					"retransmits":	1,
					"snd_cwnd":	30408,
					"rtt":	4442,
					"rttvar":	224,
					"pmtu":	1500,
					"omitted":	false,
					"sender":	true
				}],
			"sum":	{
				"start":	0,
				"end":	0.089709,
				"seconds":	0.089708998799324036,
				"bytes":	506800,
				"bits_per_second":	45195020.056678534,
				"retransmits":	1,
				"omitted":	false,
				"sender":	true
			}
		}],
	"end":	{
		"streams":	[{
				"sender":	{
					"socket":	6,
					"start":	0,
					"end":	0.089709,
					"seconds":	0.089709,
					"bytes":	506800,
					"bits_per_second":	45195019.451782987,
					"retransmits":	1,
					"max_snd_cwnd":	30408,
					"max_rtt":	4442,
					"min_rtt":	4442,
					"mean_rtt":	4442,
					"sender":	true
				},
				"receiver":	{
					"socket":	6,
					"start":	0,
					"end":	0.131105,
					"seconds":	0.089709,
					"bytes":	351864,
					"bits_per_second":	21470668.5481103,
					"sender":	true
				}
			}],
		"sum_sent":	{
			"start":	0,
			"end":	0.089709,
			"seconds":	0.089709,
			"bytes":	506800,
			"bits_per_second":	45195019.451782987,
			"retransmits":	1,
			"sender":	true
		},
		"sum_received":	{
			"start":	0,
			"end":	0.131105,
			"seconds":	0.131105,
			"bytes":	351864,
			"bits_per_second":	21470668.5481103,
			"sender":	true
		},
		"cpu_utilization_percent":	{
			"host_total":	22.133925624813379,
			"host_user":	5.4511071415475367,
			"host_system":	16.683342325966358,
			"remote_total":	1.7526978816632868,
			"remote_user":	1.7526978816632868,
			"remote_system":	0
		},
		"sender_tcp_congestion":	"reno",
		"receiver_tcp_congestion":	"reno"
	}
}
