{
	"start":	{
		"connected":	[{
				"socket":	6,
				"local_host":	"192.168.0.1",
				"local_port":	54046,
				"remote_host":	"10.0.0.2",
				"remote_port":	5202
			}],
		"version":	"iperf 3.9",
		"system_info":	"Linux lisong19-OptiPlex-9020 6.10.0cubicprint #2 SMP PREEMPT_DYNAMIC Tue Jul 30 01:19:33 CDT 2024 x86_64",
		"timestamp":	{
			"time":	"Mon, 05 Aug 2024 17:04:09 GMT",
			"timesecs":	1722877449
		},
		"connecting_to":	{
			"host":	"10.0.0.2",
			"port":	5202
		},
		"cookie":	"5njxy35e3zvv5uuglhxtk7b3xdxlbwmh2wls",
		"tcp_mss_default":	1448,
		"sock_bufsize":	0,
		"sndbuf_actual":	87380,
		"rcvbuf_actual":	87380,
		"test_start":	{
			"protocol":	"TCP",
			"num_streams":	1,
			"blksize":	131072,
			"omit":	0,
			"duration":	0,
			"bytes":	0,
			"blocks":	80,
			"reverse":	0,
			"tos":	0
		}
	},
	"intervals":	[{
			"streams":	[{
					"socket":	6,
					"start":	0,
					"end":	0.072349,
					"seconds":	0.072348996996879578,
					"bytes":	613952,
					"bits_per_second":	67887824.349684328,
					"retransmits":	1,
					"snd_cwnd":	27512,
					"rtt":	1648,
					"rttvar":	130,
					"pmtu":	1500,
					"omitted":	false,
					"sender":	true
				}],
			"sum":	{
				"start":	0,
				"end":	0.072349,
				"seconds":	0.072348996996879578,
				"bytes":	613952,
				"bits_per_second":	67887824.349684328,
				"retransmits":	1,
				"omitted":	false,
				"sender":	true
			}
		}],
	"end":	{
		"streams":	[{
				"sender":	{
					"socket":	6,
					"start":	0,
					"end":	0.072349,
					"seconds":	0.072349,
					"bytes":	613952,
					"bits_per_second":	67887821.531741977,
					"retransmits":	1,
					"max_snd_cwnd":	27512,
					"max_rtt":	1648,
					"min_rtt":	1648,
					"mean_rtt":	1648,
					"sender":	true
				},
				"receiver":	{
					"socket":	6,
					"start":	0,
					"end":	0.116868,
					"seconds":	0.072349,
					"bytes":	461912,
					"bits_per_second":	31619399.66457884,
					"sender":	true
				}
			}],
		"sum_sent":	{
			"start":	0,
			"end":	0.072349,
			"seconds":	0.072349,
			"bytes":	613952,
			"bits_per_second":	67887821.531741977,
			"retransmits":	1,
			"sender":	true
		},
		"sum_received":	{
			"start":	0,
			"end":	0.116868,
			"seconds":	0.116868,
			"bytes":	461912,
			"bits_per_second":	31619399.66457884,
			"sender":	true
		},
		"cpu_utilization_percent":	{
			"host_total":	27.80165681656317,
			"host_user":	15.743505803855909,
			"host_system":	12.057526270413454,
			"remote_total":	5.136595248327092,
			"remote_user":	0,
			"remote_system":	5.136595248327092
		},
		"sender_tcp_congestion":	"cubic",
		"receiver_tcp_congestion":	"cubic"
	}
}
