{
	"start":	{
		"connected":	[{
				"socket":	6,
				"local_host":	"192.168.0.1",
				"local_port":	46064,
				"remote_host":	"10.0.0.2",
				"remote_port":	5201
			}],
		"version":	"iperf 3.9",
		"system_info":	"Linux lisong19-OptiPlex-9020 6.10.0flag-bic-cwnd-prior #4 SMP PREEMPT_DYNAMIC Wed Aug 14 09:47:33 CDT 2024 x86_64",
		"timestamp":	{
			"time":	"Wed, 14 Aug 2024 21:34:32 GMT",
			"timesecs":	1723671272
		},
		"connecting_to":	{
			"host":	"10.0.0.2",
			"port":	5201
		},
		"cookie":	"5j5nrqzhqydjma5adk5lqhmalbfolf4rmy6w",
		"tcp_mss_default":	1448,
		"sock_bufsize":	0,
		"sndbuf_actual":	87380,
		"rcvbuf_actual":	87380,
		"test_start":	{
			"protocol":	"TCP",
			"num_streams":	1,
			"blksize":	131072,
			"omit":	0,
			"duration":	0,
			"bytes":	0,
			"blocks":	80,
			"reverse":	0,
			"tos":	0
		}
	},
	"intervals":	[{
			"streams":	[{
					"socket":	6,
					"start":	0,
					"end":	0.085733,
					"seconds":	0.085732996463775635,
					"bytes":	524176,
					"bits_per_second":	48912416.140404254,
					"retransmits":	1,
					"snd_cwnd":	31856,
					"rtt":	4643,
					"rttvar":	163,
					"pmtu":	1500,
					"omitted":	false,
					"sender":	true
				}],
			"sum":	{
				"start":	0,
				"end":	0.085733,
				"seconds":	0.085732996463775635,
				"bytes":	524176,
				"bits_per_second":	48912416.140404254,
				"retransmits":	1,
				"omitted":	false,
				"sender":	true
			}
		}],
	"end":	{
		"streams":	[{
				"sender":	{
					"socket":	6,
					"start":	0,
					"end":	0.085733,
					"seconds":	0.085733,
					"bytes":	524176,
					"bits_per_second":	48912414.1229165,
					"retransmits":	1,
					"max_snd_cwnd":	31856,
					"max_rtt":	4643,
					"min_rtt":	4643,
					"mean_rtt":	4643,
					"sender":	true
				},
				"receiver":	{
					"socket":	6,
					"start":	0,
					"end":	0.127733,
					"seconds":	0.085733,
					"bytes":	366344,
					"bits_per_second":	22944360.501984607,
					"sender":	true
				}
			}],
		"sum_sent":	{
			"start":	0,
			"end":	0.085733,
			"seconds":	0.085733,
			"bytes":	524176,
			"bits_per_second":	48912414.1229165,
			"retransmits":	1,
			"sender":	true
		},
		"sum_received":	{
			"start":	0,
			"end":	0.127733,
			"seconds":	0.127733,
			"bytes":	366344,
			"bits_per_second":	22944360.501984607,
			"sender":	true
		},
		"cpu_utilization_percent":	{
			"host_total":	22.3781136895891,
			"host_user":	11.901213540557803,
			"host_system":	10.475835639770066,
			"remote_total":	1.4447305407219646,
			"remote_user":	0.38773281502038853,
			"remote_system":	1.056496778912144
		},
		"sender_tcp_congestion":	"reno",
		"receiver_tcp_congestion":	"reno"
	}
}
