{
	"start":	{
		"connected":	[{
				"socket":	6,
				"local_host":	"192.168.0.1",
				"local_port":	50302,
				"remote_host":	"10.0.0.2",
				"remote_port":	5201
			}],
		"version":	"iperf 3.9",
		"system_info":	"Linux lisong19-OptiPlex-9020 6.10.0cubicprint #2 SMP PREEMPT_DYNAMIC Tue Jul 30 01:19:33 CDT 2024 x86_64",
		"timestamp":	{
			"time":	"Mon, 05 Aug 2024 17:06:42 GMT",
			"timesecs":	1722877602
		},
		"connecting_to":	{
			"host":	"10.0.0.2",
			"port":	5201
		},
		"cookie":	"ij3jxs3un7jxghtmkrtakmyejxobxfomgejc",
		"tcp_mss_default":	1448,
		"sock_bufsize":	0,
		"sndbuf_actual":	87380,
		"rcvbuf_actual":	87380,
		"test_start":	{
			"protocol":	"TCP",
			"num_streams":	1,
			"blksize":	131072,
			"omit":	0,
			"duration":	0,
			"bytes":	0,
			"blocks":	80,
			"reverse":	0,
			"tos":	0
		}
	},
	"intervals":	[{
			"streams":	[{
					"socket":	6,
					"start":	0,
					"end":	0.065489,
					"seconds":	0.0654890015721321,
					"bytes":	644360,
					"bits_per_second":	78713675.2164746,
					"retransmits":	1,
					"snd_cwnd":	33304,
					"rtt":	2329,
					"rttvar":	210,
					"pmtu":	1500,
					"omitted":	false,
					"sender":	true
				}],
			"sum":	{
				"start":	0,
				"end":	0.065489,
				"seconds":	0.0654890015721321,
				"bytes":	644360,
				"bits_per_second":	78713675.2164746,
				"retransmits":	1,
				"omitted":	false,
				"sender":	true
			}
		}],
	"end":	{
		"streams":	[{
				"sender":	{
					"socket":	6,
					"start":	0,
					"end":	0.065489,
					"seconds":	0.065489,
					"bytes":	644360,
					"bits_per_second":	78713677.1060789,
					"retransmits":	1,
					"max_snd_cwnd":	33304,
					"max_rtt":	2329,
					"min_rtt":	2329,
					"mean_rtt":	2329,
					"sender":	true
				},
				"receiver":	{
					"socket":	6,
					"start":	0,
					"end":	0.112306,
					"seconds":	0.065489,
					"bytes":	419920,
					"bits_per_second":	29912560.326251492,
					"sender":	true
				}
			}],
		"sum_sent":	{
			"start":	0,
			"end":	0.065489,
			"seconds":	0.065489,
			"bytes":	644360,
			"bits_per_second":	78713677.1060789,
			"retransmits":	1,
			"sender":	true
		},
		"sum_received":	{
			"start":	0,
			"end":	0.112306,
			"seconds":	0.112306,
			"bytes":	419920,
			"bits_per_second":	29912560.326251492,
			"sender":	true
		},
		"cpu_utilization_percent":	{
			"host_total":	28.807727174065707,
			"host_user":	7.4781986951136981,
			"host_system":	21.328890080565877,
			"remote_total":	3.7049029253166292,
			"remote_user":	0,
			"remote_system":	3.7042802525560719
		},
		"sender_tcp_congestion":	"reno",
		"receiver_tcp_congestion":	"reno"
	}
}
