{
	"start":	{
		"connected":	[{
				"socket":	6,
				"local_host":	"192.168.0.1",
				"local_port":	39676,
				"remote_host":	"10.0.0.2",
				"remote_port":	5202
			}],
		"version":	"iperf 3.9",
		"system_info":	"Linux lisong19-OptiPlex-9020 6.10.0cubicprint #2 SMP PREEMPT_DYNAMIC Tue Jul 30 01:19:33 CDT 2024 x86_64",
		"timestamp":	{
			"time":	"Mon, 05 Aug 2024 17:06:42 GMT",
			"timesecs":	1722877602
		},
		"connecting_to":	{
			"host":	"10.0.0.2",
			"port":	5202
		},
		"cookie":	"cve23vzn7yoiielybu6oxf4sowuzs3rw3nq5",
		"tcp_mss_default":	1448,
		"sock_bufsize":	0,
		"sndbuf_actual":	87380,
		"rcvbuf_actual":	87380,
		"test_start":	{
			"protocol":	"TCP",
			"num_streams":	1,
			"blksize":	131072,
			"omit":	0,
			"duration":	0,
			"bytes":	0,
			"blocks":	80,
			"reverse":	0,
			"tos":	0
		}
	},
	"intervals":	[{
			"streams":	[{
					"socket":	6,
					"start":	0,
					"end":	0.051227,
					"seconds":	0.05122699961066246,
					"bytes":	645808,
					"bits_per_second":	100854315.87378475,
					"retransmits":	1,
					"snd_cwnd":	33304,
					"rtt":	4355,
					"rttvar":	269,
					"pmtu":	1500,
					"omitted":	false,
					"sender":	true
				}],
			"sum":	{
				"start":	0,
				"end":	0.051227,
				"seconds":	0.05122699961066246,
				"bytes":	645808,
				"bits_per_second":	100854315.87378475,
				"retransmits":	1,
				"omitted":	false,
				"sender":	true
			}
		}],
	"end":	{
		"streams":	[{
				"sender":	{
					"socket":	6,
					"start":	0,
					"end":	0.051227,
					"seconds":	0.051227,
					"bytes":	645808,
					"bits_per_second":	100854315.10726765,
					"retransmits":	1,
					"max_snd_cwnd":	33304,
					"max_rtt":	4355,
					"min_rtt":	4355,
					"mean_rtt":	4355,
					"sender":	true
				},
				"receiver":	{
					"socket":	6,
					"start":	0,
					"end":	0.099108,
					"seconds":	0.051227,
					"bytes":	418472,
					"bits_per_second":	33779069.2981394,
					"sender":	true
				}
			}],
		"sum_sent":	{
			"start":	0,
			"end":	0.051227,
			"seconds":	0.051227,
			"bytes":	645808,
			"bits_per_second":	100854315.10726765,
			"retransmits":	1,
			"sender":	true
		},
		"sum_received":	{
			"start":	0,
			"end":	0.099108,
			"seconds":	0.099108,
			"bytes":	418472,
			"bits_per_second":	33779069.2981394,
			"sender":	true
		},
		"cpu_utilization_percent":	{
			"host_total":	32.353498542274053,
			"host_user":	26.252186588921283,
			"host_system":	6.10131195335277,
			"remote_total":	3.4098122789516641,
			"remote_user":	0,
			"remote_system":	3.4105098673884378
		},
		"sender_tcp_congestion":	"cubic",
		"receiver_tcp_congestion":	"cubic"
	}
}
