{
	"start":	{
		"connected":	[{
				"socket":	6,
				"local_host":	"192.168.0.1",
				"local_port":	34188,
				"remote_host":	"10.0.0.2",
				"remote_port":	5202
			}],
		"version":	"iperf 3.9",
		"system_info":	"Linux lisong19-OptiPlex-9020 6.10.0cubicprint #2 SMP PREEMPT_DYNAMIC Tue Jul 30 01:19:33 CDT 2024 x86_64",
		"timestamp":	{
			"time":	"Mon, 05 Aug 2024 17:04:40 GMT",
			"timesecs":	1722877480
		},
		"connecting_to":	{
			"host":	"10.0.0.2",
			"port":	5202
		},
		"cookie":	"wfmarrgzgjnnngg4zrpzgaoub3khxlzqx375",
		"tcp_mss_default":	1448,
		"sock_bufsize":	0,
		"sndbuf_actual":	87380,
		"rcvbuf_actual":	87380,
		"test_start":	{
			"protocol":	"TCP",
			"num_streams":	1,
			"blksize":	131072,
			"omit":	0,
			"duration":	0,
			"bytes":	0,
			"blocks":	80,
			"reverse":	0,
			"tos":	0
		}
	},
	"intervals":	[{
			"streams":	[{
					"socket":	6,
					"start":	0,
					"end":	0.065938,
					"seconds":	0.065938003361225128,
					"bytes":	583544,
					"bits_per_second":	70799110.7104894,
					"retransmits":	1,
					"snd_cwnd":	31856,
					"rtt":	4583,
					"rttvar":	316,
					"pmtu":	1500,
					"omitted":	false,
					"sender":	true
				}],
			"sum":	{
				"start":	0,
				"end":	0.065938,
				"seconds":	0.065938003361225128,
				"bytes":	583544,
				"bits_per_second":	70799110.7104894,
				"retransmits":	1,
				"omitted":	false,
				"sender":	true
			}
		}],
	"end":	{
		"streams":	[{
				"sender":	{
					"socket":	6,
					"start":	0,
					"end":	0.065938,
					"seconds":	0.065938,
					"bytes":	583544,
					"bits_per_second":	70799114.3195123,
					"retransmits":	1,
					"max_snd_cwnd":	31856,
					"max_rtt":	4583,
					"min_rtt":	4583,
					"mean_rtt":	4583,
					"sender":	true
				},
				"receiver":	{
					"socket":	6,
					"start":	0,
					"end":	0.112618,
					"seconds":	0.065938,
					"bytes":	421368,
					"bits_per_second":	29932550.746772274,
					"sender":	true
				}
			}],
		"sum_sent":	{
			"start":	0,
			"end":	0.065938,
			"seconds":	0.065938,
			"bytes":	583544,
			"bits_per_second":	70799114.3195123,
			"retransmits":	1,
			"sender":	true
		},
		"sum_received":	{
			"start":	0,
			"end":	0.112618,
			"seconds":	0.112618,
			"bytes":	421368,
			"bits_per_second":	29932550.746772274,
			"sender":	true
		},
		"cpu_utilization_percent":	{
			"host_total":	29.071876628387873,
			"host_user":	10.027901086361448,
			"host_system":	19.044635142176812,
			"remote_total":	4.88886062263491,
			"remote_user":	0,
			"remote_system":	4.8882246319203739
		},
		"sender_tcp_congestion":	"cubic",
		"receiver_tcp_congestion":	"cubic"
	}
}
