{
	"start":	{
		"connected":	[{
				"socket":	6,
				"local_host":	"192.168.0.1",
				"local_port":	56924,
				"remote_host":	"10.0.0.2",
				"remote_port":	5201
			}],
		"version":	"iperf 3.9",
		"system_info":	"Linux lisong19-OptiPlex-9020 6.10.0init8cwnd #5 SMP PREEMPT_DYNAMIC Mon Aug  5 20:11:06 CDT 2024 x86_64",
		"timestamp":	{
			"time":	"Tue, 06 Aug 2024 03:44:25 GMT",
			"timesecs":	1722915865
		},
		"connecting_to":	{
			"host":	"10.0.0.2",
			"port":	5201
		},
		"cookie":	"e47wov7um37pvlcliwxofahrwe6e2l4qkhuj",
		"tcp_mss_default":	1448,
		"sock_bufsize":	0,
		"sndbuf_actual":	87380,
		"rcvbuf_actual":	87380,
		"test_start":	{
			"protocol":	"TCP",
			"num_streams":	1,
			"blksize":	131072,
			"omit":	0,
			"duration":	0,
			"bytes":	0,
			"blocks":	80,
			"reverse":	0,
			"tos":	0
		}
	},
	"intervals":	[{
			"streams":	[{
					"socket":	6,
					"start":	0,
					"end":	0.062228,
					"seconds":	0.0622280016541481,
					"bytes":	658840,
					"bits_per_second":	84700132.7359619,
					"retransmits":	1,
					"snd_cwnd":	34752,
					"rtt":	4214,
					"rttvar":	365,
					"pmtu":	1500,
					"omitted":	false,
					"sender":	true
				}],
			"sum":	{
				"start":	0,
				"end":	0.062228,
				"seconds":	0.0622280016541481,
				"bytes":	658840,
				"bits_per_second":	84700132.7359619,
				"retransmits":	1,
				"omitted":	false,
				"sender":	true
			}
		}],
	"end":	{
		"streams":	[{
				"sender":	{
					"socket":	6,
					"start":	0,
					"end":	0.062228,
					"seconds":	0.062228,
					"bytes":	658840,
					"bits_per_second":	84700134.987465456,
					"retransmits":	1,
					"max_snd_cwnd":	34752,
					"max_rtt":	4214,
					"min_rtt":	4214,
					"mean_rtt":	4214,
					"sender":	true
				},
				"receiver":	{
					"socket":	6,
					"start":	0,
					"end":	0.105989,
					"seconds":	0.062228,
					"bytes":	438744,
					"bits_per_second":	33116191.302871052,
					"sender":	true
				}
			}],
		"sum_sent":	{
			"start":	0,
			"end":	0.062228,
			"seconds":	0.062228,
			"bytes":	658840,
			"bits_per_second":	84700134.987465456,
			"retransmits":	1,
			"sender":	true
		},
		"sum_received":	{
			"start":	0,
			"end":	0.105989,
			"seconds":	0.105989,
			"bytes":	438744,
			"bits_per_second":	33116191.302871052,
			"sender":	true
		},
		"cpu_utilization_percent":	{
			"host_total":	27.501629124035119,
			"host_user":	9.5308794582574752,
			"host_system":	17.970749665777646,
			"remote_total":	3.8447089912820447,
			"remote_user":	0,
			"remote_system":	3.8447089912820447
		},
		"sender_tcp_congestion":	"reno",
		"receiver_tcp_congestion":	"reno"
	}
}
