{
	"start":	{
		"connected":	[{
				"socket":	6,
				"local_host":	"192.168.0.1",
				"local_port":	34744,
				"remote_host":	"10.0.0.2",
				"remote_port":	5202
			}],
		"version":	"iperf 3.9",
		"system_info":	"Linux lisong19-OptiPlex-9020 6.10.0init8cwnd #5 SMP PREEMPT_DYNAMIC Mon Aug  5 20:11:06 CDT 2024 x86_64",
		"timestamp":	{
			"time":	"Tue, 06 Aug 2024 03:44:25 GMT",
			"timesecs":	1722915865
		},
		"connecting_to":	{
			"host":	"10.0.0.2",
			"port":	5202
		},
		"cookie":	"cocndj3frhfyms2plwryaneubtgtkghwnyrm",
		"tcp_mss_default":	1448,
		"sock_bufsize":	0,
		"sndbuf_actual":	87380,
		"rcvbuf_actual":	87380,
		"test_start":	{
			"protocol":	"TCP",
			"num_streams":	1,
			"blksize":	131072,
			"omit":	0,
			"duration":	0,
			"bytes":	0,
			"blocks":	80,
			"reverse":	0,
			"tos":	0
		}
	},
	"intervals":	[{
			"streams":	[{
					"socket":	6,
					"start":	0,
					"end":	0.073381,
					"seconds":	0.0733809992671013,
					"bytes":	570512,
					"bits_per_second":	62197245.139535859,
					"retransmits":	1,
					"snd_cwnd":	24616,
					"rtt":	2290,
					"rttvar":	296,
					"pmtu":	1500,
					"omitted":	false,
					"sender":	true
				}],
			"sum":	{
				"start":	0,
				"end":	0.073381,
				"seconds":	0.0733809992671013,
				"bytes":	570512,
				"bits_per_second":	62197245.139535859,
				"retransmits":	1,
				"omitted":	false,
				"sender":	true
			}
		}],
	"end":	{
		"streams":	[{
				"sender":	{
					"socket":	6,
					"start":	0,
					"end":	0.073381,
					"seconds":	0.073381,
					"bytes":	570512,
					"bits_per_second":	62197244.5183358,
					"retransmits":	1,
					"max_snd_cwnd":	24616,
					"max_rtt":	2290,
					"min_rtt":	2290,
					"mean_rtt":	2290,
					"sender":	true
				},
				"receiver":	{
					"socket":	6,
					"start":	0,
					"end":	0.111083,
					"seconds":	0.073381,
					"bytes":	431504,
					"bits_per_second":	31076150.2660173,
					"sender":	true
				}
			}],
		"sum_sent":	{
			"start":	0,
			"end":	0.073381,
			"seconds":	0.073381,
			"bytes":	570512,
			"bits_per_second":	62197244.5183358,
			"retransmits":	1,
			"sender":	true
		},
		"sum_received":	{
			"start":	0,
			"end":	0.111083,
			"seconds":	0.111083,
			"bytes":	431504,
			"bits_per_second":	31076150.2660173,
			"sender":	true
		},
		"cpu_utilization_percent":	{
			"host_total":	26.784508838162864,
			"host_user":	14.23481761132085,
			"host_system":	12.549691226842013,
			"remote_total":	2.5943251061734474,
			"remote_user":	0,
			"remote_system":	2.5937096079276176
		},
		"sender_tcp_congestion":	"cubic",
		"receiver_tcp_congestion":	"cubic"
	}
}
