{
	"start":	{
		"connected":	[{
				"socket":	6,
				"local_host":	"192.168.0.1",
				"local_port":	50104,
				"remote_host":	"10.0.0.2",
				"remote_port":	5201
			}],
		"version":	"iperf 3.9",
		"system_info":	"Linux lisong19-OptiPlex-9020 6.10.0flag-bic-cwnd-prior #4 SMP PREEMPT_DYNAMIC Wed Aug 14 09:47:33 CDT 2024 x86_64",
		"timestamp":	{
			"time":	"Wed, 14 Aug 2024 21:32:30 GMT",
			"timesecs":	1723671150
		},
		"connecting_to":	{
			"host":	"10.0.0.2",
			"port":	5201
		},
		"cookie":	"lwpabfzo6ifr5aiodlhdft6uwxq4vqnxq3ee",
		"tcp_mss_default":	1448,
		"sock_bufsize":	0,
		"sndbuf_actual":	87380,
		"rcvbuf_actual":	87380,
		"test_start":	{
			"protocol":	"TCP",
			"num_streams":	1,
			"blksize":	131072,
			"omit":	0,
			"duration":	0,
			"bytes":	0,
			"blocks":	80,
			"reverse":	0,
			"tos":	0
		}
	},
	"intervals":	[{
			"streams":	[{
					"socket":	6,
					"start":	0,
					"end":	0.087611,
					"seconds":	0.087610997259616852,
					"bytes":	524176,
					"bits_per_second":	47863945.522429258,
					"retransmits":	1,
					"snd_cwnd":	31856,
					"rtt":	4563,
					"rttvar":	281,
					"pmtu":	1500,
					"omitted":	false,
					"sender":	true
				}],
			"sum":	{
				"start":	0,
				"end":	0.087611,
				"seconds":	0.087610997259616852,
				"bytes":	524176,
				"bits_per_second":	47863945.522429258,
				"retransmits":	1,
				"omitted":	false,
				"sender":	true
			}
		}],
	"end":	{
		"streams":	[{
				"sender":	{
					"socket":	6,
					"start":	0,
					"end":	0.087611,
					"seconds":	0.087611,
					"bytes":	524176,
					"bits_per_second":	47863944.025293633,
					"retransmits":	1,
					"max_snd_cwnd":	31856,
					"max_rtt":	4563,
					"min_rtt":	4563,
					"mean_rtt":	4563,
					"sender":	true
				},
				"receiver":	{
					"socket":	6,
					"start":	0,
					"end":	0.129935,
					"seconds":	0.087611,
					"bytes":	369240,
					"bits_per_second":	22733828.452687882,
					"sender":	true
				}
			}],
		"sum_sent":	{
			"start":	0,
			"end":	0.087611,
			"seconds":	0.087611,
			"bytes":	524176,
			"bits_per_second":	47863944.025293633,
			"retransmits":	1,
			"sender":	true
		},
		"sum_received":	{
			"start":	0,
			"end":	0.129935,
			"seconds":	0.129935,
			"bytes":	369240,
			"bits_per_second":	22733828.452687882,
			"sender":	true
		},
		"cpu_utilization_percent":	{
			"host_total":	22.502072580429491,
			"host_user":	7.718022089695932,
			"host_system":	14.783515631267885,
			"remote_total":	1.1940163555627,
			"remote_user":	1.1935140348409652,
			"remote_system":	0
		},
		"sender_tcp_congestion":	"reno",
		"receiver_tcp_congestion":	"reno"
	}
}
