{
	"start":	{
		"connected":	[{
				"socket":	6,
				"local_host":	"192.168.0.1",
				"local_port":	49596,
				"remote_host":	"10.0.0.2",
				"remote_port":	5202
			}],
		"version":	"iperf 3.9",
		"system_info":	"Linux lisong19-OptiPlex-9020 6.10.0flag-bic-cwnd-prior #4 SMP PREEMPT_DYNAMIC Wed Aug 14 09:47:33 CDT 2024 x86_64",
		"timestamp":	{
			"time":	"Wed, 14 Aug 2024 21:32:30 GMT",
			"timesecs":	1723671150
		},
		"connecting_to":	{
			"host":	"10.0.0.2",
			"port":	5202
		},
		"cookie":	"opf3gvaicrbmuiku4y4jfahlic6hwfbzlzki",
		"tcp_mss_default":	1448,
		"sock_bufsize":	0,
		"sndbuf_actual":	87380,
		"rcvbuf_actual":	87380,
		"test_start":	{
			"protocol":	"TCP",
			"num_streams":	1,
			"blksize":	131072,
			"omit":	0,
			"duration":	0,
			"bytes":	0,
			"blocks":	80,
			"reverse":	0,
			"tos":	0
		}
	},
	"intervals":	[{
			"streams":	[{
					"socket":	6,
					"start":	0,
					"end":	0.090995,
					"seconds":	0.090994998812675476,
					"bytes":	537208,
					"bits_per_second":	47229672.576261863,
					"retransmits":	1,
					"snd_cwnd":	30408,
					"rtt":	4486,
					"rttvar":	122,
					"pmtu":	1500,
					"omitted":	false,
					"sender":	true
				}],
			"sum":	{
				"start":	0,
				"end":	0.090995,
				"seconds":	0.090994998812675476,
				"bytes":	537208,
				"bits_per_second":	47229672.576261863,
				"retransmits":	1,
				"omitted":	false,
				"sender":	true
			}
		}],
	"end":	{
		"streams":	[{
				"sender":	{
					"socket":	6,
					"start":	0,
					"end":	0.090995,
					"seconds":	0.090995,
					"bytes":	537208,
					"bits_per_second":	47229671.9599978,
					"retransmits":	1,
					"max_snd_cwnd":	30408,
					"max_rtt":	4486,
					"min_rtt":	4486,
					"mean_rtt":	4486,
					"sender":	true
				},
				"receiver":	{
					"socket":	6,
					"start":	0,
					"end":	0.132972,
					"seconds":	0.090995,
					"bytes":	383720,
					"bits_per_second":	23085762.416147761,
					"sender":	true
				}
			}],
		"sum_sent":	{
			"start":	0,
			"end":	0.090995,
			"seconds":	0.090995,
			"bytes":	537208,
			"bits_per_second":	47229671.9599978,
			"retransmits":	1,
			"sender":	true
		},
		"sum_received":	{
			"start":	0,
			"end":	0.132972,
			"seconds":	0.132972,
			"bytes":	383720,
			"bits_per_second":	23085762.416147761,
			"sender":	true
		},
		"cpu_utilization_percent":	{
			"host_total":	22.0652590767485,
			"host_user":	13.234637429143312,
			"host_system":	8.83009629680219,
			"remote_total":	1.2337000108914127,
			"remote_user":	0,
			"remote_system":	1.2337000108914127
		},
		"sender_tcp_congestion":	"cubic",
		"receiver_tcp_congestion":	"cubic"
	}
}
