{
	"start":	{
		"connected":	[{
				"socket":	6,
				"local_host":	"192.168.0.1",
				"local_port":	51076,
				"remote_host":	"10.0.0.2",
				"remote_port":	5201
			}],
		"version":	"iperf 3.9",
		"system_info":	"Linux lisong19-OptiPlex-9020 6.10.0init8cwnd #5 SMP PREEMPT_DYNAMIC Mon Aug  5 20:11:06 CDT 2024 x86_64",
		"timestamp":	{
			"time":	"Tue, 06 Aug 2024 03:41:52 GMT",
			"timesecs":	1722915712
		},
		"connecting_to":	{
			"host":	"10.0.0.2",
			"port":	5201
		},
		"cookie":	"ue4eiradmbddm5qxbzlj5m5h4qeeztq3kxak",
		"tcp_mss_default":	1448,
		"sock_bufsize":	0,
		"sndbuf_actual":	87380,
		"rcvbuf_actual":	87380,
		"test_start":	{
			"protocol":	"TCP",
			"num_streams":	1,
			"blksize":	131072,
			"omit":	0,
			"duration":	0,
			"bytes":	0,
			"blocks":	80,
			"reverse":	0,
			"tos":	0
		}
	},
	"intervals":	[{
			"streams":	[{
					"socket":	6,
					"start":	0,
					"end":	0.058239,
					"seconds":	0.058239001780748367,
					"bytes":	648704,
					"bits_per_second":	89109219.617763057,
					"retransmits":	1,
					"snd_cwnd":	34752,
					"rtt":	4166,
					"rttvar":	290,
					"pmtu":	1500,
					"omitted":	false,
					"sender":	true
				}],
			"sum":	{
				"start":	0,
				"end":	0.058239,
				"seconds":	0.058239001780748367,
				"bytes":	648704,
				"bits_per_second":	89109219.617763057,
				"retransmits":	1,
				"omitted":	false,
				"sender":	true
			}
		}],
	"end":	{
		"streams":	[{
				"sender":	{
					"socket":	6,
					"start":	0,
					"end":	0.058239,
					"seconds":	0.058239,
					"bytes":	648704,
					"bits_per_second":	89109222.3424166,
					"retransmits":	1,
					"max_snd_cwnd":	34752,
					"max_rtt":	4166,
					"min_rtt":	4166,
					"mean_rtt":	4166,
					"sender":	true
				},
				"receiver":	{
					"socket":	6,
					"start":	0,
					"end":	0.105248,
					"seconds":	0.058239,
					"bytes":	438744,
					"bits_per_second":	33349346.305868048,
					"sender":	true
				}
			}],
		"sum_sent":	{
			"start":	0,
			"end":	0.058239,
			"seconds":	0.058239,
			"bytes":	648704,
			"bits_per_second":	89109222.3424166,
			"retransmits":	1,
			"sender":	true
		},
		"sum_received":	{
			"start":	0,
			"end":	0.105248,
			"seconds":	0.105248,
			"bytes":	438744,
			"bits_per_second":	33349346.305868048,
			"sender":	true
		},
		"cpu_utilization_percent":	{
			"host_total":	29.660211078967109,
			"host_user":	5.1343351548269576,
			"host_system":	24.526545590913962,
			"remote_total":	3.8229884461944974,
			"remote_user":	0,
			"remote_system":	3.8229884461944974
		},
		"sender_tcp_congestion":	"reno",
		"receiver_tcp_congestion":	"reno"
	}
}
