{
	"start":	{
		"connected":	[{
				"socket":	6,
				"local_host":	"192.168.0.1",
				"local_port":	54252,
				"remote_host":	"10.0.0.2",
				"remote_port":	5202
			}],
		"version":	"iperf 3.9",
		"system_info":	"Linux lisong19-OptiPlex-9020 6.10.0init8cwnd #5 SMP PREEMPT_DYNAMIC Mon Aug  5 20:11:06 CDT 2024 x86_64",
		"timestamp":	{
			"time":	"Tue, 06 Aug 2024 03:41:52 GMT",
			"timesecs":	1722915712
		},
		"connecting_to":	{
			"host":	"10.0.0.2",
			"port":	5202
		},
		"cookie":	"hdx5kghjgl23tml6ckcrkpnjsnpg72bsohgn",
		"tcp_mss_default":	1448,
		"sock_bufsize":	0,
		"sndbuf_actual":	87380,
		"rcvbuf_actual":	87380,
		"test_start":	{
			"protocol":	"TCP",
			"num_streams":	1,
			"blksize":	131072,
			"omit":	0,
			"duration":	0,
			"bytes":	0,
			"blocks":	80,
			"reverse":	0,
			"tos":	0
		}
	},
	"intervals":	[{
			"streams":	[{
					"socket":	6,
					"start":	0,
					"end":	0.078698,
					"seconds":	0.078698001801967621,
					"bytes":	613952,
					"bits_per_second":	62410936.5871752,
					"retransmits":	1,
					"snd_cwnd":	21720,
					"rtt":	1617,
					"rttvar":	143,
					"pmtu":	1500,
					"omitted":	false,
					"sender":	true
				}],
			"sum":	{
				"start":	0,
				"end":	0.078698,
				"seconds":	0.078698001801967621,
				"bytes":	613952,
				"bits_per_second":	62410936.5871752,
				"retransmits":	1,
				"omitted":	false,
				"sender":	true
			}
		}],
	"end":	{
		"streams":	[{
				"sender":	{
					"socket":	6,
					"start":	0,
					"end":	0.078698,
					"seconds":	0.078698,
					"bytes":	613952,
					"bits_per_second":	62410938.016213879,
					"retransmits":	1,
					"max_snd_cwnd":	21720,
					"max_rtt":	1617,
					"min_rtt":	1617,
					"mean_rtt":	1617,
					"sender":	true
				},
				"receiver":	{
					"socket":	6,
					"start":	0,
					"end":	0.123276,
					"seconds":	0.078698,
					"bytes":	483632,
					"bits_per_second":	31385314.254193842,
					"sender":	true
				}
			}],
		"sum_sent":	{
			"start":	0,
			"end":	0.078698,
			"seconds":	0.078698,
			"bytes":	613952,
			"bits_per_second":	62410938.016213879,
			"retransmits":	1,
			"sender":	true
		},
		"sum_received":	{
			"start":	0,
			"end":	0.123276,
			"seconds":	0.123276,
			"bytes":	483632,
			"bits_per_second":	31385314.254193842,
			"sender":	true
		},
		"cpu_utilization_percent":	{
			"host_total":	26.156908472021012,
			"host_user":	6.74828922417347,
			"host_system":	19.4074414331649,
			"remote_total":	3.9036279134698719,
			"remote_user":	0.1250603488892896,
			"remote_system":	3.7785675645805825
		},
		"sender_tcp_congestion":	"cubic",
		"receiver_tcp_congestion":	"cubic"
	}
}
