{
	"start":	{
		"connected":	[{
				"socket":	6,
				"local_host":	"192.168.0.1",
				"local_port":	58234,
				"remote_host":	"10.0.0.2",
				"remote_port":	5202
			}],
		"version":	"iperf 3.9",
		"system_info":	"Linux lisong19-OptiPlex-9020 6.10.0cubicprint #2 SMP PREEMPT_DYNAMIC Tue Jul 30 01:19:33 CDT 2024 x86_64",
		"timestamp":	{
			"time":	"Mon, 05 Aug 2024 17:25:39 GMT",
			"timesecs":	1722878739
		},
		"connecting_to":	{
			"host":	"10.0.0.2",
			"port":	5202
		},
		"cookie":	"advf4l3vch6gnqi65epn5yistctxqxootxtb",
		"tcp_mss_default":	1448,
		"sock_bufsize":	0,
		"sndbuf_actual":	87380,
		"rcvbuf_actual":	87380,
		"test_start":	{
			"protocol":	"TCP",
			"num_streams":	1,
			"blksize":	131072,
			"omit":	0,
			"duration":	0,
			"bytes":	0,
			"blocks":	80,
			"reverse":	0,
			"tos":	0
		}
	},
	"intervals":	[{
			"streams":	[{
					"socket":	6,
					"start":	0,
					"end":	0.100581,
					"seconds":	0.10058099776506424,
					"bytes":	544448,
					"bits_per_second":	43304243.3141667,
					"retransmits":	1,
					"snd_cwnd":	28960,
					"rtt":	4218,
					"rttvar":	122,
					"pmtu":	1500,
					"omitted":	false,
					"sender":	true
				}],
			"sum":	{
				"start":	0,
				"end":	0.100581,
				"seconds":	0.10058099776506424,
				"bytes":	544448,
				"bits_per_second":	43304243.3141667,
				"retransmits":	1,
				"omitted":	false,
				"sender":	true
			}
		}],
	"end":	{
		"streams":	[{
				"sender":	{
					"socket":	6,
					"start":	0,
					"end":	0.100581,
					"seconds":	0.100581,
					"bytes":	544448,
					"bits_per_second":	43304242.351935253,
					"retransmits":	1,
					"max_snd_cwnd":	28960,
					"max_rtt":	4218,
					"min_rtt":	4218,
					"mean_rtt":	4218,
					"sender":	true
				},
				"receiver":	{
					"socket":	6,
					"start":	0,
					"end":	0.141471,
					"seconds":	0.100581,
					"bytes":	393856,
					"bits_per_second":	22272041.61983728,
					"sender":	true
				}
			}],
		"sum_sent":	{
			"start":	0,
			"end":	0.100581,
			"seconds":	0.100581,
			"bytes":	544448,
			"bits_per_second":	43304242.351935253,
			"retransmits":	1,
			"sender":	true
		},
		"sum_received":	{
			"start":	0,
			"end":	0.141471,
			"seconds":	0.141471,
			"bytes":	393856,
			"bits_per_second":	22272041.61983728,
			"sender":	true
		},
		"cpu_utilization_percent":	{
			"host_total":	21.0794206241115,
			"host_user":	7.1671421896591152,
			"host_system":	13.912775496813831,
			"remote_total":	1.7163334590720483,
			"remote_user":	0,
			"remote_system":	1.7163334590720483
		},
		"sender_tcp_congestion":	"cubic",
		"receiver_tcp_congestion":	"cubic"
	}
}
