{
	"start":	{
		"connected":	[{
				"socket":	6,
				"local_host":	"192.168.0.1",
				"local_port":	56560,
				"remote_host":	"10.0.0.2",
				"remote_port":	5201
			}],
		"version":	"iperf 3.9",
		"system_info":	"Linux lisong19-OptiPlex-9020 6.10.0init8cwnd #5 SMP PREEMPT_DYNAMIC Mon Aug  5 20:11:06 CDT 2024 x86_64",
		"timestamp":	{
			"time":	"Tue, 06 Aug 2024 03:38:05 GMT",
			"timesecs":	1722915485
		},
		"connecting_to":	{
			"host":	"10.0.0.2",
			"port":	5201
		},
		"cookie":	"jriogk3bfxdf32z3z4ddcwt7pfiqqnkpkjgk",
		"tcp_mss_default":	1448,
		"sock_bufsize":	0,
		"sndbuf_actual":	87380,
		"rcvbuf_actual":	87380,
		"test_start":	{
			"protocol":	"TCP",
			"num_streams":	1,
			"blksize":	131072,
			"omit":	0,
			"duration":	0,
			"bytes":	0,
			"blocks":	80,
			"reverse":	0,
			"tos":	0
		}
	},
	"intervals":	[{
			"streams":	[{
					"socket":	6,
					"start":	0,
					"end":	0.090183,
					"seconds":	0.090182997286319733,
					"bytes":	509696,
					"bits_per_second":	45214376.575378522,
					"retransmits":	1,
					"snd_cwnd":	30408,
					"rtt":	4346,
					"rttvar":	131,
					"pmtu":	1500,
					"omitted":	false,
					"sender":	true
				}],
			"sum":	{
				"start":	0,
				"end":	0.090183,
				"seconds":	0.090182997286319733,
				"bytes":	509696,
				"bits_per_second":	45214376.575378522,
				"retransmits":	1,
				"omitted":	false,
				"sender":	true
			}
		}],
	"end":	{
		"streams":	[{
				"sender":	{
					"socket":	6,
					"start":	0,
					"end":	0.090183,
					"seconds":	0.090183,
					"bytes":	509696,
					"bits_per_second":	45214375.214840934,
					"retransmits":	1,
					"max_snd_cwnd":	30408,
					"max_rtt":	4346,
					"min_rtt":	4346,
					"mean_rtt":	4346,
					"sender":	true
				},
				"receiver":	{
					"socket":	6,
					"start":	0,
					"end":	0.131786,
					"seconds":	0.090183,
					"bytes":	359104,
					"bits_per_second":	21799219.947490633,
					"sender":	true
				}
			}],
		"sum_sent":	{
			"start":	0,
			"end":	0.090183,
			"seconds":	0.090183,
			"bytes":	509696,
			"bits_per_second":	45214375.214840934,
			"retransmits":	1,
			"sender":	true
		},
		"sum_received":	{
			"start":	0,
			"end":	0.131786,
			"seconds":	0.131786,
			"bytes":	359104,
			"bits_per_second":	21799219.947490633,
			"sender":	true
		},
		"cpu_utilization_percent":	{
			"host_total":	21.541272044415415,
			"host_user":	1.2680641737426519,
			"host_system":	20.27218729588504,
			"remote_total":	1.6035840295336339,
			"remote_user":	0,
			"remote_system":	1.6035840295336339
		},
		"sender_tcp_congestion":	"reno",
		"receiver_tcp_congestion":	"reno"
	}
}
