{
	"start":	{
		"connected":	[{
				"socket":	6,
				"local_host":	"192.168.0.1",
				"local_port":	44140,
				"remote_host":	"10.0.0.2",
				"remote_port":	5202
			}],
		"version":	"iperf 3.9",
		"system_info":	"Linux lisong19-OptiPlex-9020 6.10.0init8cwnd #5 SMP PREEMPT_DYNAMIC Mon Aug  5 20:11:06 CDT 2024 x86_64",
		"timestamp":	{
			"time":	"Tue, 06 Aug 2024 03:38:05 GMT",
			"timesecs":	1722915485
		},
		"connecting_to":	{
			"host":	"10.0.0.2",
			"port":	5202
		},
		"cookie":	"ba7m4ddjezlkfcaybl6yeemxq74i6gycwjoc",
		"tcp_mss_default":	1448,
		"sock_bufsize":	0,
		"sndbuf_actual":	87380,
		"rcvbuf_actual":	87380,
		"test_start":	{
			"protocol":	"TCP",
			"num_streams":	1,
			"blksize":	131072,
			"omit":	0,
			"duration":	0,
			"bytes":	0,
			"blocks":	80,
			"reverse":	0,
			"tos":	0
		}
	},
	"intervals":	[{
			"streams":	[{
					"socket":	6,
					"start":	0,
					"end":	0.111159,
					"seconds":	0.11115899682044983,
					"bytes":	558928,
					"bits_per_second":	40225479.969223648,
					"retransmits":	1,
					"snd_cwnd":	31856,
					"rtt":	4272,
					"rttvar":	183,
					"pmtu":	1500,
					"omitted":	false,
					"sender":	true
				}],
			"sum":	{
				"start":	0,
				"end":	0.111159,
				"seconds":	0.11115899682044983,
				"bytes":	558928,
				"bits_per_second":	40225479.969223648,
				"retransmits":	1,
				"omitted":	false,
				"sender":	true
			}
		}],
	"end":	{
		"streams":	[{
				"sender":	{
					"socket":	6,
					"start":	0,
					"end":	0.111159,
					"seconds":	0.111159,
					"bytes":	558928,
					"bits_per_second":	40225478.818629175,
					"retransmits":	1,
					"max_snd_cwnd":	31856,
					"max_rtt":	4272,
					"min_rtt":	4272,
					"mean_rtt":	4272,
					"sender":	true
				},
				"receiver":	{
					"socket":	6,
					"start":	0,
					"end":	0.152353,
					"seconds":	0.111159,
					"bytes":	399648,
					"bits_per_second":	20985369.503718339,
					"sender":	true
				}
			}],
		"sum_sent":	{
			"start":	0,
			"end":	0.111159,
			"seconds":	0.111159,
			"bytes":	558928,
			"bits_per_second":	40225478.818629175,
			"retransmits":	1,
			"sender":	true
		},
		"sum_received":	{
			"start":	0,
			"end":	0.152353,
			"seconds":	0.152353,
			"bytes":	399648,
			"bits_per_second":	20985369.503718339,
			"sender":	true
		},
		"cpu_utilization_percent":	{
			"host_total":	19.498209207026733,
			"host_user":	12.2165730168754,
			"host_system":	7.28163619015133,
			"remote_total":	1.4645625813463283,
			"remote_user":	0,
			"remote_system":	1.4645625813463283
		},
		"sender_tcp_congestion":	"cubic",
		"receiver_tcp_congestion":	"cubic"
	}
}
