{
	"start":	{
		"connected":	[{
				"socket":	6,
				"local_host":	"192.168.0.1",
				"local_port":	50362,
				"remote_host":	"10.0.0.2",
				"remote_port":	5201
			}],
		"version":	"iperf 3.9",
		"system_info":	"Linux lisong19-OptiPlex-9020 6.10.0cubicprint #2 SMP PREEMPT_DYNAMIC Tue Jul 30 01:19:33 CDT 2024 x86_64",
		"timestamp":	{
			"time":	"Mon, 05 Aug 2024 17:05:41 GMT",
			"timesecs":	1722877541
		},
		"connecting_to":	{
			"host":	"10.0.0.2",
			"port":	5201
		},
		"cookie":	"5lk7rqdjmwqooetpuqsxmzzdjrxhhr4daa5j",
		"tcp_mss_default":	1448,
		"sock_bufsize":	0,
		"sndbuf_actual":	87380,
		"rcvbuf_actual":	87380,
		"test_start":	{
			"protocol":	"TCP",
			"num_streams":	1,
			"blksize":	131072,
			"omit":	0,
			"duration":	0,
			"bytes":	0,
			"blocks":	80,
			"reverse":	0,
			"tos":	0
		}
	},
	"intervals":	[{
			"streams":	[{
					"socket":	6,
					"start":	0,
					"end":	0.067235,
					"seconds":	0.067235000431537628,
					"bytes":	710968,
					"bits_per_second":	84594987.186645046,
					"retransmits":	1,
					"snd_cwnd":	36200,
					"rtt":	4573,
					"rttvar":	307,
					"pmtu":	1500,
					"omitted":	false,
					"sender":	true
				}],
			"sum":	{
				"start":	0,
				"end":	0.067235,
				"seconds":	0.067235000431537628,
				"bytes":	710968,
				"bits_per_second":	84594987.186645046,
				"retransmits":	1,
				"omitted":	false,
				"sender":	true
			}
		}],
	"end":	{
		"streams":	[{
				"sender":	{
					"socket":	6,
					"start":	0,
					"end":	0.067235,
					"seconds":	0.067235,
					"bytes":	710968,
					"bits_per_second":	84594987.7296051,
					"retransmits":	1,
					"max_snd_cwnd":	36200,
					"max_rtt":	4573,
					"min_rtt":	4573,
					"mean_rtt":	4573,
					"sender":	true
				},
				"receiver":	{
					"socket":	6,
					"start":	0,
					"end":	0.115314,
					"seconds":	0.067235,
					"bytes":	477840,
					"bits_per_second":	33150528.123211406,
					"sender":	true
				}
			}],
		"sum_sent":	{
			"start":	0,
			"end":	0.067235,
			"seconds":	0.067235,
			"bytes":	710968,
			"bits_per_second":	84594987.7296051,
			"retransmits":	1,
			"sender":	true
		},
		"sum_received":	{
			"start":	0,
			"end":	0.115314,
			"seconds":	0.115314,
			"bytes":	477840,
			"bits_per_second":	33150528.123211406,
			"sender":	true
		},
		"cpu_utilization_percent":	{
			"host_total":	28.299187656465541,
			"host_user":	17.679328667041332,
			"host_system":	10.619220354570071,
			"remote_total":	3.1248077372675929,
			"remote_user":	3.12419249652389,
			"remote_system":	0
		},
		"sender_tcp_congestion":	"reno",
		"receiver_tcp_congestion":	"reno"
	}
}
