{
	"start":	{
		"connected":	[{
				"socket":	6,
				"local_host":	"192.168.0.1",
				"local_port":	34214,
				"remote_host":	"10.0.0.2",
				"remote_port":	5202
			}],
		"version":	"iperf 3.9",
		"system_info":	"Linux lisong19-OptiPlex-9020 6.10.0cubicprint #2 SMP PREEMPT_DYNAMIC Tue Jul 30 01:19:33 CDT 2024 x86_64",
		"timestamp":	{
			"time":	"Mon, 05 Aug 2024 17:05:41 GMT",
			"timesecs":	1722877541
		},
		"connecting_to":	{
			"host":	"10.0.0.2",
			"port":	5202
		},
		"cookie":	"vdcpgbc7ewm5p64ytcmm4sf46oynwoldydef",
		"tcp_mss_default":	1448,
		"sock_bufsize":	0,
		"sndbuf_actual":	87380,
		"rcvbuf_actual":	87380,
		"test_start":	{
			"protocol":	"TCP",
			"num_streams":	1,
			"blksize":	131072,
			"omit":	0,
			"duration":	0,
			"bytes":	0,
			"blocks":	80,
			"reverse":	0,
			"tos":	0
		}
	},
	"intervals":	[{
			"streams":	[{
					"socket":	6,
					"start":	0,
					"end":	0.079423,
					"seconds":	0.0794230028986931,
					"bytes":	602368,
					"bits_per_second":	60674411.998079918,
					"retransmits":	1,
					"snd_cwnd":	27512,
					"rtt":	4972,
					"rttvar":	355,
					"pmtu":	1500,
					"omitted":	false,
					"sender":	true
				}],
			"sum":	{
				"start":	0,
				"end":	0.079423,
				"seconds":	0.0794230028986931,
				"bytes":	602368,
				"bits_per_second":	60674411.998079918,
				"retransmits":	1,
				"omitted":	false,
				"sender":	true
			}
		}],
	"end":	{
		"streams":	[{
				"sender":	{
					"socket":	6,
					"start":	0,
					"end":	0.079423,
					"seconds":	0.079423,
					"bytes":	602368,
					"bits_per_second":	60674414.212507717,
					"retransmits":	1,
					"max_snd_cwnd":	27512,
					"max_rtt":	4972,
					"min_rtt":	4972,
					"mean_rtt":	4972,
					"sender":	true
				},
				"receiver":	{
					"socket":	6,
					"start":	0,
					"end":	0.123726,
					"seconds":	0.079423,
					"bytes":	451776,
					"bits_per_second":	29211386.450705592,
					"sender":	true
				}
			}],
		"sum_sent":	{
			"start":	0,
			"end":	0.079423,
			"seconds":	0.079423,
			"bytes":	602368,
			"bits_per_second":	60674414.212507717,
			"retransmits":	1,
			"sender":	true
		},
		"sum_received":	{
			"start":	0,
			"end":	0.123726,
			"seconds":	0.123726,
			"bytes":	451776,
			"bits_per_second":	29211386.450705592,
			"sender":	true
		},
		"cpu_utilization_percent":	{
			"host_total":	26.356681098392741,
			"host_user":	9.11037305023427,
			"host_system":	17.245714963525295,
			"remote_total":	4.9307978735860987,
			"remote_user":	0,
			"remote_system":	4.9296269408210582
		},
		"sender_tcp_congestion":	"cubic",
		"receiver_tcp_congestion":	"cubic"
	}
}
