{
	"start":	{
		"connected":	[{
				"socket":	6,
				"local_host":	"192.168.0.1",
				"local_port":	58210,
				"remote_host":	"10.0.0.2",
				"remote_port":	5201
			}],
		"version":	"iperf 3.9",
		"system_info":	"Linux lisong19-OptiPlex-9020 6.10.0cubicprint #2 SMP PREEMPT_DYNAMIC Tue Jul 30 01:19:33 CDT 2024 x86_64",
		"timestamp":	{
			"time":	"Mon, 05 Aug 2024 17:26:09 GMT",
			"timesecs":	1722878769
		},
		"connecting_to":	{
			"host":	"10.0.0.2",
			"port":	5201
		},
		"cookie":	"j5x7q2xl3n2uf6pxidl7iycfgz4iylube4bi",
		"tcp_mss_default":	1448,
		"sock_bufsize":	0,
		"sndbuf_actual":	87380,
		"rcvbuf_actual":	87380,
		"test_start":	{
			"protocol":	"TCP",
			"num_streams":	1,
			"blksize":	131072,
			"omit":	0,
			"duration":	0,
			"bytes":	0,
			"blocks":	80,
			"reverse":	0,
			"tos":	0
		}
	},
	"intervals":	[{
			"streams":	[{
					"socket":	6,
					"start":	0,
					"end":	0.093087,
					"seconds":	0.093087002635002136,
					"bytes":	624088,
					"bits_per_second":	53634813.224963233,
					"retransmits":	1,
					"snd_cwnd":	33304,
					"rtt":	5012,
					"rttvar":	271,
					"pmtu":	1500,
					"omitted":	false,
					"sender":	true
				}],
			"sum":	{
				"start":	0,
				"end":	0.093087,
				"seconds":	0.093087002635002136,
				"bytes":	624088,
				"bits_per_second":	53634813.224963233,
				"retransmits":	1,
				"omitted":	false,
				"sender":	true
			}
		}],
	"end":	{
		"streams":	[{
				"sender":	{
					"socket":	6,
					"start":	0,
					"end":	0.093087,
					"seconds":	0.093087,
					"bytes":	624088,
					"bits_per_second":	53634814.743197225,
					"retransmits":	1,
					"max_snd_cwnd":	33304,
					"max_rtt":	5012,
					"min_rtt":	5012,
					"mean_rtt":	5012,
					"sender":	true
				},
				"receiver":	{
					"socket":	6,
					"start":	0,
					"end":	0.135356,
					"seconds":	0.093087,
					"bytes":	402544,
					"bits_per_second":	23791719.613463756,
					"sender":	true
				}
			}],
		"sum_sent":	{
			"start":	0,
			"end":	0.093087,
			"seconds":	0.093087,
			"bytes":	624088,
			"bits_per_second":	53634814.743197225,
			"retransmits":	1,
			"sender":	true
		},
		"sum_received":	{
			"start":	0,
			"end":	0.135356,
			"seconds":	0.135356,
			"bytes":	402544,
			"bits_per_second":	23791719.613463756,
			"sender":	true
		},
		"cpu_utilization_percent":	{
			"host_total":	21.73004768332931,
			"host_user":	3.3306471895579155,
			"host_system":	18.3994004937714,
			"remote_total":	1.6906509561522116,
			"remote_user":	0,
			"remote_system":	1.6906509561522116
		},
		"sender_tcp_congestion":	"reno",
		"receiver_tcp_congestion":	"reno"
	}
}
