{
	"start":	{
		"connected":	[{
				"socket":	6,
				"local_host":	"192.168.0.1",
				"local_port":	36088,
				"remote_host":	"10.0.0.2",
				"remote_port":	5202
			}],
		"version":	"iperf 3.9",
		"system_info":	"Linux lisong19-OptiPlex-9020 6.10.0cubicprint #2 SMP PREEMPT_DYNAMIC Tue Jul 30 01:19:33 CDT 2024 x86_64",
		"timestamp":	{
			"time":	"Mon, 05 Aug 2024 17:26:09 GMT",
			"timesecs":	1722878769
		},
		"connecting_to":	{
			"host":	"10.0.0.2",
			"port":	5202
		},
		"cookie":	"ayjbsos3b3gxscb45lecmo6kzpqp4ysy5w5v",
		"tcp_mss_default":	1448,
		"sock_bufsize":	0,
		"sndbuf_actual":	87380,
		"rcvbuf_actual":	87380,
		"test_start":	{
			"protocol":	"TCP",
			"num_streams":	1,
			"blksize":	131072,
			"omit":	0,
			"duration":	0,
			"bytes":	0,
			"blocks":	80,
			"reverse":	0,
			"tos":	0
		}
	},
	"intervals":	[{
			"streams":	[{
					"socket":	6,
					"start":	0,
					"end":	0.090047,
					"seconds":	0.0900470018386841,
					"bytes":	566168,
					"bits_per_second":	50299775.756156266,
					"retransmits":	1,
					"snd_cwnd":	31856,
					"rtt":	4521,
					"rttvar":	167,
					"pmtu":	1500,
					"omitted":	false,
					"sender":	true
				}],
			"sum":	{
				"start":	0,
				"end":	0.090047,
				"seconds":	0.0900470018386841,
				"bytes":	566168,
				"bits_per_second":	50299775.756156266,
				"retransmits":	1,
				"omitted":	false,
				"sender":	true
			}
		}],
	"end":	{
		"streams":	[{
				"sender":	{
					"socket":	6,
					"start":	0,
					"end":	0.090047,
					"seconds":	0.090047,
					"bytes":	566168,
					"bits_per_second":	50299776.783235423,
					"retransmits":	1,
					"max_snd_cwnd":	31856,
					"max_rtt":	4521,
					"min_rtt":	4521,
					"mean_rtt":	4521,
					"sender":	true
				},
				"receiver":	{
					"socket":	6,
					"start":	0,
					"end":	0.131773,
					"seconds":	0.090047,
					"bytes":	403992,
					"bits_per_second":	24526541.856070668,
					"sender":	true
				}
			}],
		"sum_sent":	{
			"start":	0,
			"end":	0.090047,
			"seconds":	0.090047,
			"bytes":	566168,
			"bits_per_second":	50299776.783235423,
			"retransmits":	1,
			"sender":	true
		},
		"sum_received":	{
			"start":	0,
			"end":	0.131773,
			"seconds":	0.131773,
			"bytes":	403992,
			"bits_per_second":	24526541.856070668,
			"sender":	true
		},
		"cpu_utilization_percent":	{
			"host_total":	22.067893993190786,
			"host_user":	7.6387259579038469,
			"host_system":	14.428125276982676,
			"remote_total":	1.6165350691747213,
			"remote_user":	1.61702671609357,
			"remote_system":	0
		},
		"sender_tcp_congestion":	"cubic",
		"receiver_tcp_congestion":	"cubic"
	}
}
