{
	"start":	{
		"connected":	[{
				"socket":	6,
				"local_host":	"192.168.0.1",
				"local_port":	39492,
				"remote_host":	"10.0.0.2",
				"remote_port":	5201
			}],
		"version":	"iperf 3.9",
		"system_info":	"Linux lisong19-OptiPlex-9020 6.10.0init8cwnd #5 SMP PREEMPT_DYNAMIC Mon Aug  5 20:11:06 CDT 2024 x86_64",
		"timestamp":	{
			"time":	"Tue, 06 Aug 2024 03:42:53 GMT",
			"timesecs":	1722915773
		},
		"connecting_to":	{
			"host":	"10.0.0.2",
			"port":	5201
		},
		"cookie":	"pafyts2r7myvfno6dxzc64n4eebtudcp7m3p",
		"tcp_mss_default":	1448,
		"sock_bufsize":	0,
		"sndbuf_actual":	87380,
		"rcvbuf_actual":	87380,
		"test_start":	{
			"protocol":	"TCP",
			"num_streams":	1,
			"blksize":	131072,
			"omit":	0,
			"duration":	0,
			"bytes":	0,
			"blocks":	80,
			"reverse":	0,
			"tos":	0
		}
	},
	"intervals":	[{
			"streams":	[{
					"socket":	6,
					"start":	0,
					"end":	0.059002,
					"seconds":	0.059002000838518143,
					"bytes":	648704,
					"bits_per_second":	87956881.567515656,
					"retransmits":	1,
					"snd_cwnd":	34752,
					"rtt":	4302,
					"rttvar":	272,
					"pmtu":	1500,
					"omitted":	false,
					"sender":	true
				}],
			"sum":	{
				"start":	0,
				"end":	0.059002,
				"seconds":	0.059002000838518143,
				"bytes":	648704,
				"bits_per_second":	87956881.567515656,
				"retransmits":	1,
				"omitted":	false,
				"sender":	true
			}
		}],
	"end":	{
		"streams":	[{
				"sender":	{
					"socket":	6,
					"start":	0,
					"end":	0.059002,
					"seconds":	0.059002,
					"bytes":	648704,
					"bits_per_second":	87956882.8175316,
					"retransmits":	1,
					"max_snd_cwnd":	34752,
					"max_rtt":	4302,
					"min_rtt":	4302,
					"mean_rtt":	4302,
					"sender":	true
				},
				"receiver":	{
					"socket":	6,
					"start":	0,
					"end":	0.106107,
					"seconds":	0.059002,
					"bytes":	438744,
					"bits_per_second":	33079363.284231953,
					"sender":	true
				}
			}],
		"sum_sent":	{
			"start":	0,
			"end":	0.059002,
			"seconds":	0.059002,
			"bytes":	648704,
			"bits_per_second":	87956882.8175316,
			"retransmits":	1,
			"sender":	true
		},
		"sum_received":	{
			"start":	0,
			"end":	0.106107,
			"seconds":	0.106107,
			"bytes":	438744,
			"bits_per_second":	33079363.284231953,
			"sender":	true
		},
		"cpu_utilization_percent":	{
			"host_total":	30.500343170899107,
			"host_user":	7.9698009608785174,
			"host_system":	22.531228551818806,
			"remote_total":	3.9609458146314376,
			"remote_user":	0,
			"remote_system":	3.9602847756103046
		},
		"sender_tcp_congestion":	"reno",
		"receiver_tcp_congestion":	"reno"
	}
}
