{
	"start":	{
		"connected":	[{
				"socket":	6,
				"local_host":	"192.168.0.1",
				"local_port":	49390,
				"remote_host":	"10.0.0.2",
				"remote_port":	5201
			}],
		"version":	"iperf 3.9",
		"system_info":	"Linux lisong19-OptiPlex-9020 6.10.0init8cwnd #5 SMP PREEMPT_DYNAMIC Mon Aug  5 20:11:06 CDT 2024 x86_64",
		"timestamp":	{
			"time":	"Tue, 06 Aug 2024 03:40:07 GMT",
			"timesecs":	1722915607
		},
		"connecting_to":	{
			"host":	"10.0.0.2",
			"port":	5201
		},
		"cookie":	"wshbxa6j3mi5ckvuduwyh6ulffhiexyk4nnv",
		"tcp_mss_default":	1448,
		"sock_bufsize":	0,
		"sndbuf_actual":	87380,
		"rcvbuf_actual":	87380,
		"test_start":	{
			"protocol":	"TCP",
			"num_streams":	1,
			"blksize":	131072,
			"omit":	0,
			"duration":	0,
			"bytes":	0,
			"blocks":	80,
			"reverse":	0,
			"tos":	0
		}
	},
	"intervals":	[{
			"streams":	[{
					"socket":	6,
					"start":	0,
					"end":	0.093875,
					"seconds":	0.0938749983906746,
					"bytes":	629880,
					"bits_per_second":	53678190.001445271,
					"retransmits":	1,
					"snd_cwnd":	33304,
					"rtt":	4347,
					"rttvar":	201,
					"pmtu":	1500,
					"omitted":	false,
					"sender":	true
				}],
			"sum":	{
				"start":	0,
				"end":	0.093875,
				"seconds":	0.0938749983906746,
				"bytes":	629880,
				"bits_per_second":	53678190.001445271,
				"retransmits":	1,
				"omitted":	false,
				"sender":	true
			}
		}],
	"end":	{
		"streams":	[{
				"sender":	{
					"socket":	6,
					"start":	0,
					"end":	0.093875,
					"seconds":	0.093875,
					"bytes":	629880,
					"bits_per_second":	53678189.08122503,
					"retransmits":	1,
					"max_snd_cwnd":	33304,
					"max_rtt":	4347,
					"min_rtt":	4347,
					"mean_rtt":	4347,
					"sender":	true
				},
				"receiver":	{
					"socket":	6,
					"start":	0,
					"end":	0.135416,
					"seconds":	0.093875,
					"bytes":	398200,
					"bits_per_second":	23524546.582383174,
					"sender":	true
				}
			}],
		"sum_sent":	{
			"start":	0,
			"end":	0.093875,
			"seconds":	0.093875,
			"bytes":	629880,
			"bits_per_second":	53678189.08122503,
			"retransmits":	1,
			"sender":	true
		},
		"sum_received":	{
			"start":	0,
			"end":	0.135416,
			"seconds":	0.135416,
			"bytes":	398200,
			"bits_per_second":	23524546.582383174,
			"sender":	true
		},
		"cpu_utilization_percent":	{
			"host_total":	21.835974434621765,
			"host_user":	10.521176172736808,
			"host_system":	11.314281580837333,
			"remote_total":	1.4196784013738193,
			"remote_user":	0,
			"remote_system":	1.41919053938022
		},
		"sender_tcp_congestion":	"reno",
		"receiver_tcp_congestion":	"reno"
	}
}
