{
	"start":	{
		"connected":	[{
				"socket":	6,
				"local_host":	"192.168.0.1",
				"local_port":	43018,
				"remote_host":	"10.0.0.2",
				"remote_port":	5202
			}],
		"version":	"iperf 3.9",
		"system_info":	"Linux lisong19-OptiPlex-9020 6.10.0init8cwnd #5 SMP PREEMPT_DYNAMIC Mon Aug  5 20:11:06 CDT 2024 x86_64",
		"timestamp":	{
			"time":	"Tue, 06 Aug 2024 03:40:07 GMT",
			"timesecs":	1722915607
		},
		"connecting_to":	{
			"host":	"10.0.0.2",
			"port":	5202
		},
		"cookie":	"uab4ypfimjw6db2iocihqai7bh5cfikfvccu",
		"tcp_mss_default":	1448,
		"sock_bufsize":	0,
		"sndbuf_actual":	87380,
		"rcvbuf_actual":	87380,
		"test_start":	{
			"protocol":	"TCP",
			"num_streams":	1,
			"blksize":	131072,
			"omit":	0,
			"duration":	0,
			"bytes":	0,
			"blocks":	80,
			"reverse":	0,
			"tos":	0
		}
	},
	"intervals":	[{
			"streams":	[{
					"socket":	6,
					"start":	0,
					"end":	0.108213,
					"seconds":	0.10821299999952316,
					"bytes":	532864,
					"bits_per_second":	39393714.248923734,
					"retransmits":	1,
					"snd_cwnd":	24616,
					"rtt":	4142,
					"rttvar":	78,
					"pmtu":	1500,
					"omitted":	false,
					"sender":	true
				}],
			"sum":	{
				"start":	0,
				"end":	0.108213,
				"seconds":	0.10821299999952316,
				"bytes":	532864,
				"bits_per_second":	39393714.248923734,
				"retransmits":	1,
				"omitted":	false,
				"sender":	true
			}
		}],
	"end":	{
		"streams":	[{
				"sender":	{
					"socket":	6,
					"start":	0,
					"end":	0.108213,
					"seconds":	0.108213,
					"bytes":	532864,
					"bits_per_second":	39393714.24875015,
					"retransmits":	1,
					"max_snd_cwnd":	24616,
					"max_rtt":	4142,
					"min_rtt":	4142,
					"mean_rtt":	4142,
					"sender":	true
				},
				"receiver":	{
					"socket":	6,
					"start":	0,
					"end":	0.149495,
					"seconds":	0.108213,
					"bytes":	398200,
					"bits_per_second":	21309073.882069636,
					"sender":	true
				}
			}],
		"sum_sent":	{
			"start":	0,
			"end":	0.108213,
			"seconds":	0.108213,
			"bytes":	532864,
			"bits_per_second":	39393714.24875015,
			"retransmits":	1,
			"sender":	true
		},
		"sum_received":	{
			"start":	0,
			"end":	0.149495,
			"seconds":	0.149495,
			"bytes":	398200,
			"bits_per_second":	21309073.882069636,
			"sender":	true
		},
		"cpu_utilization_percent":	{
			"host_total":	20.4328437904378,
			"host_user":	7.0261351446260125,
			"host_system":	13.406708645811788,
			"remote_total":	1.4379974959560604,
			"remote_user":	1.4384544382808,
			"remote_system":	0
		},
		"sender_tcp_congestion":	"cubic",
		"receiver_tcp_congestion":	"cubic"
	}
}
