{
	"start":	{
		"connected":	[{
				"socket":	6,
				"local_host":	"192.168.0.1",
				"local_port":	45458,
				"remote_host":	"10.0.0.2",
				"remote_port":	5202
			}],
		"version":	"iperf 3.9",
		"system_info":	"Linux lisong19-OptiPlex-9020 6.10.0init8cwnd #5 SMP PREEMPT_DYNAMIC Mon Aug  5 20:11:06 CDT 2024 x86_64",
		"timestamp":	{
			"time":	"Tue, 06 Aug 2024 03:37:04 GMT",
			"timesecs":	1722915424
		},
		"connecting_to":	{
			"host":	"10.0.0.2",
			"port":	5202
		},
		"cookie":	"c3u67hepkncndtwhdqeelbeqlccovh7xju6m",
		"tcp_mss_default":	1448,
		"sock_bufsize":	0,
		"sndbuf_actual":	87380,
		"rcvbuf_actual":	87380,
		"test_start":	{
			"protocol":	"TCP",
			"num_streams":	1,
			"blksize":	131072,
			"omit":	0,
			"duration":	0,
			"bytes":	0,
			"blocks":	80,
			"reverse":	0,
			"tos":	0
		}
	},
	"intervals":	[{
			"streams":	[{
					"socket":	6,
					"start":	0,
					"end":	0.125322,
					"seconds":	0.12532199919223785,
					"bytes":	573408,
					"bits_per_second":	36603820.794171661,
					"retransmits":	1,
					"snd_cwnd":	26064,
					"rtt":	4149,
					"rttvar":	153,
					"pmtu":	1500,
					"omitted":	false,
					"sender":	true
				}],
			"sum":	{
				"start":	0,
				"end":	0.125322,
				"seconds":	0.12532199919223785,
				"bytes":	573408,
				"bits_per_second":	36603820.794171661,
				"retransmits":	1,
				"omitted":	false,
				"sender":	true
			}
		}],
	"end":	{
		"streams":	[{
				"sender":	{
					"socket":	6,
					"start":	0,
					"end":	0.125322,
					"seconds":	0.125322,
					"bytes":	573408,
					"bits_per_second":	36603820.558241971,
					"retransmits":	1,
					"max_snd_cwnd":	26064,
					"max_rtt":	4149,
					"min_rtt":	4149,
					"mean_rtt":	4149,
					"sender":	true
				},
				"receiver":	{
					"socket":	6,
					"start":	0,
					"end":	0.17062,
					"seconds":	0.125322,
					"bytes":	430056,
					"bits_per_second":	20164388.700035166,
					"sender":	true
				}
			}],
		"sum_sent":	{
			"start":	0,
			"end":	0.125322,
			"seconds":	0.125322,
			"bytes":	573408,
			"bits_per_second":	36603820.558241971,
			"retransmits":	1,
			"sender":	true
		},
		"sum_received":	{
			"start":	0,
			"end":	0.17062,
			"seconds":	0.17062,
			"bytes":	430056,
			"bits_per_second":	20164388.700035166,
			"sender":	true
		},
		"cpu_utilization_percent":	{
			"host_total":	20.274536899368538,
			"host_user":	4.11061939162833,
			"host_system":	16.163480207804927,
			"remote_total":	1.4012307769436123,
			"remote_user":	1.4003952189370867,
			"remote_system":	0
		},
		"sender_tcp_congestion":	"cubic",
		"receiver_tcp_congestion":	"cubic"
	}
}
