{
	"start":	{
		"connected":	[{
				"socket":	6,
				"local_host":	"192.168.0.1",
				"local_port":	55696,
				"remote_host":	"10.0.0.2",
				"remote_port":	5201
			}],
		"version":	"iperf 3.9",
		"system_info":	"Linux lisong19-OptiPlex-9020 6.10.0init8cwnd #5 SMP PREEMPT_DYNAMIC Mon Aug  5 20:11:06 CDT 2024 x86_64",
		"timestamp":	{
			"time":	"Tue, 06 Aug 2024 03:42:23 GMT",
			"timesecs":	1722915743
		},
		"connecting_to":	{
			"host":	"10.0.0.2",
			"port":	5201
		},
		"cookie":	"aglile4lzkuoterrlzue65toluwerwhl5lf4",
		"tcp_mss_default":	1448,
		"sock_bufsize":	0,
		"sndbuf_actual":	87380,
		"rcvbuf_actual":	87380,
		"test_start":	{
			"protocol":	"TCP",
			"num_streams":	1,
			"blksize":	131072,
			"omit":	0,
			"duration":	0,
			"bytes":	0,
			"blocks":	80,
			"reverse":	0,
			"tos":	0
		}
	},
	"intervals":	[{
			"streams":	[{
					"socket":	6,
					"start":	0,
					"end":	0.065657,
					"seconds":	0.065656997263431549,
					"bytes":	690696,
					"bits_per_second":	84158097.8464504,
					"retransmits":	1,
					"snd_cwnd":	36200,
					"rtt":	4262,
					"rttvar":	261,
					"pmtu":	1500,
					"omitted":	false,
					"sender":	true
				}],
			"sum":	{
				"start":	0,
				"end":	0.065657,
				"seconds":	0.065656997263431549,
				"bytes":	690696,
				"bits_per_second":	84158097.8464504,
				"retransmits":	1,
				"omitted":	false,
				"sender":	true
			}
		}],
	"end":	{
		"streams":	[{
				"sender":	{
					"socket":	6,
					"start":	0,
					"end":	0.065657,
					"seconds":	0.065657,
					"bytes":	690696,
					"bits_per_second":	84158094.33876054,
					"retransmits":	1,
					"max_snd_cwnd":	36200,
					"max_rtt":	4262,
					"min_rtt":	4262,
					"mean_rtt":	4262,
					"sender":	true
				},
				"receiver":	{
					"socket":	6,
					"start":	0,
					"end":	0.113667,
					"seconds":	0.065657,
					"bytes":	474944,
					"bits_per_second":	33427045.668487776,
					"sender":	true
				}
			}],
		"sum_sent":	{
			"start":	0,
			"end":	0.065657,
			"seconds":	0.065657,
			"bytes":	690696,
			"bits_per_second":	84158094.33876054,
			"retransmits":	1,
			"sender":	true
		},
		"sum_received":	{
			"start":	0,
			"end":	0.113667,
			"seconds":	0.113667,
			"bytes":	474944,
			"bits_per_second":	33427045.668487776,
			"sender":	true
		},
		"cpu_utilization_percent":	{
			"host_total":	28.954093333508069,
			"host_user":	12.45626220399177,
			"host_system":	16.498486377396567,
			"remote_total":	4.2066014205588544,
			"remote_user":	0,
			"remote_system":	4.2066014205588544
		},
		"sender_tcp_congestion":	"reno",
		"receiver_tcp_congestion":	"reno"
	}
}
