{
	"start":	{
		"connected":	[{
				"socket":	6,
				"local_host":	"192.168.0.1",
				"local_port":	60938,
				"remote_host":	"10.0.0.2",
				"remote_port":	5202
			}],
		"version":	"iperf 3.9",
		"system_info":	"Linux lisong19-OptiPlex-9020 6.10.0init8cwnd #5 SMP PREEMPT_DYNAMIC Mon Aug  5 20:11:06 CDT 2024 x86_64",
		"timestamp":	{
			"time":	"Tue, 06 Aug 2024 03:42:23 GMT",
			"timesecs":	1722915743
		},
		"connecting_to":	{
			"host":	"10.0.0.2",
			"port":	5202
		},
		"cookie":	"3jrlcsznajfkb7rjh4xx2hdehphnptdqda5h",
		"tcp_mss_default":	1448,
		"sock_bufsize":	0,
		"sndbuf_actual":	87380,
		"rcvbuf_actual":	87380,
		"test_start":	{
			"protocol":	"TCP",
			"num_streams":	1,
			"blksize":	131072,
			"omit":	0,
			"duration":	0,
			"bytes":	0,
			"blocks":	80,
			"reverse":	0,
			"tos":	0
		}
	},
	"intervals":	[{
			"streams":	[{
					"socket":	6,
					"start":	0,
					"end":	0.074279,
					"seconds":	0.074279002845287323,
					"bytes":	535760,
					"bits_per_second":	57702443.972320139,
					"retransmits":	1,
					"snd_cwnd":	24616,
					"rtt":	4515,
					"rttvar":	501,
					"pmtu":	1500,
					"omitted":	false,
					"sender":	true
				}],
			"sum":	{
				"start":	0,
				"end":	0.074279,
				"seconds":	0.074279002845287323,
				"bytes":	535760,
				"bits_per_second":	57702443.972320139,
				"retransmits":	1,
				"omitted":	false,
				"sender":	true
			}
		}],
	"end":	{
		"streams":	[{
				"sender":	{
					"socket":	6,
					"start":	0,
					"end":	0.074279,
					"seconds":	0.074279,
					"bytes":	535760,
					"bits_per_second":	57702446.182635739,
					"retransmits":	1,
					"max_snd_cwnd":	24616,
					"max_rtt":	4515,
					"min_rtt":	4515,
					"mean_rtt":	4515,
					"sender":	true
				},
				"receiver":	{
					"socket":	6,
					"start":	0,
					"end":	0.119857,
					"seconds":	0.074279,
					"bytes":	403992,
					"bits_per_second":	26964933.212077726,
					"sender":	true
				}
			}],
		"sum_sent":	{
			"start":	0,
			"end":	0.074279,
			"seconds":	0.074279,
			"bytes":	535760,
			"bits_per_second":	57702446.182635739,
			"retransmits":	1,
			"sender":	true
		},
		"sum_received":	{
			"start":	0,
			"end":	0.119857,
			"seconds":	0.119857,
			"bytes":	403992,
			"bits_per_second":	26964933.212077726,
			"sender":	true
		},
		"cpu_utilization_percent":	{
			"host_total":	27.674020599309205,
			"host_user":	14.653514640445591,
			"host_system":	13.021128294489218,
			"remote_total":	3.6345243246207941,
			"remote_user":	0,
			"remote_system":	3.6345243246207941
		},
		"sender_tcp_congestion":	"cubic",
		"receiver_tcp_congestion":	"cubic"
	}
}
