{
	"start":	{
		"connected":	[{
				"socket":	6,
				"local_host":	"192.168.0.1",
				"local_port":	40122,
				"remote_host":	"10.0.0.2",
				"remote_port":	5201
			}],
		"version":	"iperf 3.9",
		"system_info":	"Linux lisong19-OptiPlex-9020 6.10.0flag-bic-cwnd-prior #4 SMP PREEMPT_DYNAMIC Wed Aug 14 09:47:33 CDT 2024 x86_64",
		"timestamp":	{
			"time":	"Wed, 14 Aug 2024 21:33:01 GMT",
			"timesecs":	1723671181
		},
		"connecting_to":	{
			"host":	"10.0.0.2",
			"port":	5201
		},
		"cookie":	"zuatxku5cgc4qebdwj4a7mvj42e5aopecifu",
		"tcp_mss_default":	1448,
		"sock_bufsize":	0,
		"sndbuf_actual":	87380,
		"rcvbuf_actual":	87380,
		"test_start":	{
			"protocol":	"TCP",
			"num_streams":	1,
			"blksize":	131072,
			"omit":	0,
			"duration":	0,
			"bytes":	0,
			"blocks":	80,
			"reverse":	0,
			"tos":	0
		}
	},
	"intervals":	[{
			"streams":	[{
					"socket":	6,
					"start":	0,
					"end":	0.087743,
					"seconds":	0.087742999196052551,
					"bytes":	524176,
					"bits_per_second":	47791938.2562963,
					"retransmits":	1,
					"snd_cwnd":	31856,
					"rtt":	4569,
					"rttvar":	351,
					"pmtu":	1500,
					"omitted":	false,
					"sender":	true
				}],
			"sum":	{
				"start":	0,
				"end":	0.087743,
				"seconds":	0.087742999196052551,
				"bytes":	524176,
				"bits_per_second":	47791938.2562963,
				"retransmits":	1,
				"omitted":	false,
				"sender":	true
			}
		}],
	"end":	{
		"streams":	[{
				"sender":	{
					"socket":	6,
					"start":	0,
					"end":	0.087743,
					"seconds":	0.087743,
					"bytes":	524176,
					"bits_per_second":	47791937.818401471,
					"retransmits":	1,
					"max_snd_cwnd":	31856,
					"max_rtt":	4569,
					"min_rtt":	4569,
					"mean_rtt":	4569,
					"sender":	true
				},
				"receiver":	{
					"socket":	6,
					"start":	0,
					"end":	0.129187,
					"seconds":	0.087743,
					"bytes":	367792,
					"bits_per_second":	22775790.133682184,
					"sender":	true
				}
			}],
		"sum_sent":	{
			"start":	0,
			"end":	0.087743,
			"seconds":	0.087743,
			"bytes":	524176,
			"bits_per_second":	47791937.818401471,
			"retransmits":	1,
			"sender":	true
		},
		"sum_received":	{
			"start":	0,
			"end":	0.129187,
			"seconds":	0.129187,
			"bytes":	367792,
			"bits_per_second":	22775790.133682184,
			"sender":	true
		},
		"cpu_utilization_percent":	{
			"host_total":	22.3845875388612,
			"host_user":	9.59765342191559,
			"host_system":	12.786934116945616,
			"remote_total":	1.5150373863219795,
			"remote_user":	0.35101462812033923,
			"remote_system":	1.1635205913516826
		},
		"sender_tcp_congestion":	"reno",
		"receiver_tcp_congestion":	"reno"
	}
}
