{
	"start":	{
		"connected":	[{
				"socket":	6,
				"local_host":	"192.168.0.1",
				"local_port":	41140,
				"remote_host":	"10.0.0.2",
				"remote_port":	5202
			}],
		"version":	"iperf 3.9",
		"system_info":	"Linux lisong19-OptiPlex-9020 6.10.0flag-bic-cwnd-prior #4 SMP PREEMPT_DYNAMIC Wed Aug 14 09:47:33 CDT 2024 x86_64",
		"timestamp":	{
			"time":	"Wed, 14 Aug 2024 21:33:01 GMT",
			"timesecs":	1723671181
		},
		"connecting_to":	{
			"host":	"10.0.0.2",
			"port":	5202
		},
		"cookie":	"yblb3tdb5xpxfrbek6ovvpotyilcoupwdkqn",
		"tcp_mss_default":	1448,
		"sock_bufsize":	0,
		"sndbuf_actual":	87380,
		"rcvbuf_actual":	87380,
		"test_start":	{
			"protocol":	"TCP",
			"num_streams":	1,
			"blksize":	131072,
			"omit":	0,
			"duration":	0,
			"bytes":	0,
			"blocks":	80,
			"reverse":	0,
			"tos":	0
		}
	},
	"intervals":	[{
			"streams":	[{
					"socket":	6,
					"start":	0,
					"end":	0.107425,
					"seconds":	0.10742499679327011,
					"bytes":	541552,
					"bits_per_second":	40329682.3767875,
					"retransmits":	1,
					"snd_cwnd":	23168,
					"rtt":	4146,
					"rttvar":	96,
					"pmtu":	1500,
					"omitted":	false,
					"sender":	true
				}],
			"sum":	{
				"start":	0,
				"end":	0.107425,
				"seconds":	0.10742499679327011,
				"bytes":	541552,
				"bits_per_second":	40329682.3767875,
				"retransmits":	1,
				"omitted":	false,
				"sender":	true
			}
		}],
	"end":	{
		"streams":	[{
				"sender":	{
					"socket":	6,
					"start":	0,
					"end":	0.107425,
					"seconds":	0.107425,
					"bytes":	541552,
					"bits_per_second":	40329681.172911331,
					"retransmits":	1,
					"max_snd_cwnd":	23168,
					"max_rtt":	4146,
					"min_rtt":	4146,
					"mean_rtt":	4146,
					"sender":	true
				},
				"receiver":	{
					"socket":	6,
					"start":	0,
					"end":	0.148537,
					"seconds":	0.107425,
					"bytes":	411232,
					"bits_per_second":	22148394.002841044,
					"sender":	true
				}
			}],
		"sum_sent":	{
			"start":	0,
			"end":	0.107425,
			"seconds":	0.107425,
			"bytes":	541552,
			"bits_per_second":	40329681.172911331,
			"retransmits":	1,
			"sender":	true
		},
		"sum_received":	{
			"start":	0,
			"end":	0.148537,
			"seconds":	0.148537,
			"bytes":	411232,
			"bits_per_second":	22148394.002841044,
			"sender":	true
		},
		"cpu_utilization_percent":	{
			"host_total":	20.255769017640738,
			"host_user":	6.098366027244122,
			"host_system":	14.156921134673855,
			"remote_total":	1.3582272910631121,
			"remote_user":	0.30758370310609118,
			"remote_system":	1.0501851919762368
		},
		"sender_tcp_congestion":	"cubic",
		"receiver_tcp_congestion":	"cubic"
	}
}
