{
	"start":	{
		"connected":	[{
				"socket":	6,
				"local_host":	"192.168.0.1",
				"local_port":	44470,
				"remote_host":	"10.0.0.2",
				"remote_port":	5201
			}],
		"version":	"iperf 3.9",
		"system_info":	"Linux lisong19-OptiPlex-9020 6.10.0init8cwnd #5 SMP PREEMPT_DYNAMIC Mon Aug  5 20:11:06 CDT 2024 x86_64",
		"timestamp":	{
			"time":	"Tue, 06 Aug 2024 03:37:35 GMT",
			"timesecs":	1722915455
		},
		"connecting_to":	{
			"host":	"10.0.0.2",
			"port":	5201
		},
		"cookie":	"d7udy6y4jgeruc6ifnoigfdso5lhkomhkqj5",
		"tcp_mss_default":	1448,
		"sock_bufsize":	0,
		"sndbuf_actual":	87380,
		"rcvbuf_actual":	87380,
		"test_start":	{
			"protocol":	"TCP",
			"num_streams":	1,
			"blksize":	131072,
			"omit":	0,
			"duration":	0,
			"bytes":	0,
			"blocks":	80,
			"reverse":	0,
			"tos":	0
		}
	},
	"intervals":	[{
			"streams":	[{
					"socket":	6,
					"start":	0,
					"end":	0.093043,
					"seconds":	0.0930429995059967,
					"bytes":	625536,
					"bits_per_second":	53784680.487192042,
					"retransmits":	1,
					"snd_cwnd":	33304,
					"rtt":	4261,
					"rttvar":	120,
					"pmtu":	1500,
					"omitted":	false,
					"sender":	true
				}],
			"sum":	{
				"start":	0,
				"end":	0.093043,
				"seconds":	0.0930429995059967,
				"bytes":	625536,
				"bits_per_second":	53784680.487192042,
				"retransmits":	1,
				"omitted":	false,
				"sender":	true
			}
		}],
	"end":	{
		"streams":	[{
				"sender":	{
					"socket":	6,
					"start":	0,
					"end":	0.093043,
					"seconds":	0.093043,
					"bytes":	625536,
					"bits_per_second":	53784680.2016272,
					"retransmits":	1,
					"max_snd_cwnd":	33304,
					"max_rtt":	4261,
					"min_rtt":	4261,
					"mean_rtt":	4261,
					"sender":	true
				},
				"receiver":	{
					"socket":	6,
					"start":	0,
					"end":	0.134602,
					"seconds":	0.093043,
					"bytes":	401096,
					"bits_per_second":	23838932.556722783,
					"sender":	true
				}
			}],
		"sum_sent":	{
			"start":	0,
			"end":	0.093043,
			"seconds":	0.093043,
			"bytes":	625536,
			"bits_per_second":	53784680.2016272,
			"retransmits":	1,
			"sender":	true
		},
		"sum_received":	{
			"start":	0,
			"end":	0.134602,
			"seconds":	0.134602,
			"bytes":	401096,
			"bits_per_second":	23838932.556722783,
			"sender":	true
		},
		"cpu_utilization_percent":	{
			"host_total":	21.897348400379617,
			"host_user":	11.356812064700483,
			"host_system":	10.540536335679132,
			"remote_total":	1.425638017013787,
			"remote_user":	1.4251491150875135,
			"remote_system":	0
		},
		"sender_tcp_congestion":	"reno",
		"receiver_tcp_congestion":	"reno"
	}
}
