{
	"start":	{
		"connected":	[{
				"socket":	6,
				"local_host":	"192.168.0.1",
				"local_port":	43128,
				"remote_host":	"10.0.0.2",
				"remote_port":	5202
			}],
		"version":	"iperf 3.9",
		"system_info":	"Linux lisong19-OptiPlex-9020 6.10.0init8cwnd #5 SMP PREEMPT_DYNAMIC Mon Aug  5 20:11:06 CDT 2024 x86_64",
		"timestamp":	{
			"time":	"Tue, 06 Aug 2024 03:37:35 GMT",
			"timesecs":	1722915455
		},
		"connecting_to":	{
			"host":	"10.0.0.2",
			"port":	5202
		},
		"cookie":	"wgacxpug7fklslnm7ec5romkjdxkcdvq2ng6",
		"tcp_mss_default":	1448,
		"sock_bufsize":	0,
		"sndbuf_actual":	87380,
		"rcvbuf_actual":	87380,
		"test_start":	{
			"protocol":	"TCP",
			"num_streams":	1,
			"blksize":	131072,
			"omit":	0,
			"duration":	0,
			"bytes":	0,
			"blocks":	80,
			"reverse":	0,
			"tos":	0
		}
	},
	"intervals":	[{
			"streams":	[{
					"socket":	6,
					"start":	0,
					"end":	0.115765,
					"seconds":	0.11576499789953232,
					"bytes":	558928,
					"bits_per_second":	38625008.259237088,
					"retransmits":	1,
					"snd_cwnd":	24616,
					"rtt":	4222,
					"rttvar":	139,
					"pmtu":	1500,
					"omitted":	false,
					"sender":	true
				}],
			"sum":	{
				"start":	0,
				"end":	0.115765,
				"seconds":	0.11576499789953232,
				"bytes":	558928,
				"bits_per_second":	38625008.259237088,
				"retransmits":	1,
				"omitted":	false,
				"sender":	true
			}
		}],
	"end":	{
		"streams":	[{
				"sender":	{
					"socket":	6,
					"start":	0,
					"end":	0.115765,
					"seconds":	0.115765,
					"bytes":	558928,
					"bits_per_second":	38625007.558415756,
					"retransmits":	1,
					"max_snd_cwnd":	24616,
					"max_rtt":	4222,
					"min_rtt":	4222,
					"mean_rtt":	4222,
					"sender":	true
				},
				"receiver":	{
					"socket":	6,
					"start":	0,
					"end":	0.156796,
					"seconds":	0.115765,
					"bytes":	421368,
					"bits_per_second":	21498915.788668081,
					"sender":	true
				}
			}],
		"sum_sent":	{
			"start":	0,
			"end":	0.115765,
			"seconds":	0.115765,
			"bytes":	558928,
			"bits_per_second":	38625007.558415756,
			"retransmits":	1,
			"sender":	true
		},
		"sum_received":	{
			"start":	0,
			"end":	0.156796,
			"seconds":	0.156796,
			"bytes":	421368,
			"bits_per_second":	21498915.788668081,
			"sender":	true
		},
		"cpu_utilization_percent":	{
			"host_total":	19.582554314796173,
			"host_user":	3.3644322172684635,
			"host_system":	16.217658165892672,
			"remote_total":	1.4092533607821134,
			"remote_user":	1.4088115885687023,
			"remote_system":	0
		},
		"sender_tcp_congestion":	"cubic",
		"receiver_tcp_congestion":	"cubic"
	}
}
