{
	"start":	{
		"connected":	[{
				"socket":	6,
				"local_host":	"192.168.0.1",
				"local_port":	45728,
				"remote_host":	"10.0.0.2",
				"remote_port":	5201
			}],
		"version":	"iperf 3.9",
		"system_info":	"Linux lisong19-OptiPlex-9020 6.10.0init8cwnd #5 SMP PREEMPT_DYNAMIC Mon Aug  5 20:11:06 CDT 2024 x86_64",
		"timestamp":	{
			"time":	"Tue, 06 Aug 2024 03:43:24 GMT",
			"timesecs":	1722915804
		},
		"connecting_to":	{
			"host":	"10.0.0.2",
			"port":	5201
		},
		"cookie":	"6kgdf7usak7m6pxb5cylmjmb66rzecehrxfc",
		"tcp_mss_default":	1448,
		"sock_bufsize":	0,
		"sndbuf_actual":	87380,
		"rcvbuf_actual":	87380,
		"test_start":	{
			"protocol":	"TCP",
			"num_streams":	1,
			"blksize":	131072,
			"omit":	0,
			"duration":	0,
			"bytes":	0,
			"blocks":	80,
			"reverse":	0,
			"tos":	0
		}
	},
	"intervals":	[{
			"streams":	[{
					"socket":	6,
					"start":	0,
					"end":	0.066022,
					"seconds":	0.066022001206874847,
					"bytes":	641464,
					"bits_per_second":	77727301.5993589,
					"retransmits":	1,
					"snd_cwnd":	34752,
					"rtt":	4599,
					"rttvar":	215,
					"pmtu":	1500,
					"omitted":	false,
					"sender":	true
				}],
			"sum":	{
				"start":	0,
				"end":	0.066022,
				"seconds":	0.066022001206874847,
				"bytes":	641464,
				"bits_per_second":	77727301.5993589,
				"retransmits":	1,
				"omitted":	false,
				"sender":	true
			}
		}],
	"end":	{
		"streams":	[{
				"sender":	{
					"socket":	6,
					"start":	0,
					"end":	0.066022,
					"seconds":	0.066022,
					"bytes":	641464,
					"bits_per_second":	77727303.0202054,
					"retransmits":	1,
					"max_snd_cwnd":	34752,
					"max_rtt":	4599,
					"min_rtt":	4599,
					"mean_rtt":	4599,
					"sender":	true
				},
				"receiver":	{
					"socket":	6,
					"start":	0,
					"end":	0.113837,
					"seconds":	0.066022,
					"bytes":	432952,
					"bits_per_second":	30426100.476997815,
					"sender":	true
				}
			}],
		"sum_sent":	{
			"start":	0,
			"end":	0.066022,
			"seconds":	0.066022,
			"bytes":	641464,
			"bits_per_second":	77727303.0202054,
			"retransmits":	1,
			"sender":	true
		},
		"sum_received":	{
			"start":	0,
			"end":	0.113837,
			"seconds":	0.113837,
			"bytes":	432952,
			"bits_per_second":	30426100.476997815,
			"sender":	true
		},
		"cpu_utilization_percent":	{
			"host_total":	28.472391457705381,
			"host_user":	16.1854678381325,
			"host_system":	12.286923619572885,
			"remote_total":	3.9850775768356557,
			"remote_user":	3.9850775768356557,
			"remote_system":	0
		},
		"sender_tcp_congestion":	"reno",
		"receiver_tcp_congestion":	"reno"
	}
}
