{
	"start":	{
		"connected":	[{
				"socket":	6,
				"local_host":	"192.168.0.1",
				"local_port":	55968,
				"remote_host":	"10.0.0.2",
				"remote_port":	5202
			}],
		"version":	"iperf 3.9",
		"system_info":	"Linux lisong19-OptiPlex-9020 6.10.0init8cwnd #5 SMP PREEMPT_DYNAMIC Mon Aug  5 20:11:06 CDT 2024 x86_64",
		"timestamp":	{
			"time":	"Tue, 06 Aug 2024 03:43:24 GMT",
			"timesecs":	1722915804
		},
		"connecting_to":	{
			"host":	"10.0.0.2",
			"port":	5202
		},
		"cookie":	"g5buzlfx6gh2zni3axaw2h7a4hor6gny7tb2",
		"tcp_mss_default":	1448,
		"sock_bufsize":	0,
		"sndbuf_actual":	87380,
		"rcvbuf_actual":	87380,
		"test_start":	{
			"protocol":	"TCP",
			"num_streams":	1,
			"blksize":	131072,
			"omit":	0,
			"duration":	0,
			"bytes":	0,
			"blocks":	80,
			"reverse":	0,
			"tos":	0
		}
	},
	"intervals":	[{
			"streams":	[{
					"socket":	6,
					"start":	0,
					"end":	0.070254,
					"seconds":	0.070253998041152954,
					"bytes":	599472,
					"bits_per_second":	68263389.041443,
					"retransmits":	1,
					"snd_cwnd":	31856,
					"rtt":	4774,
					"rttvar":	231,
					"pmtu":	1500,
					"omitted":	false,
					"sender":	true
				}],
			"sum":	{
				"start":	0,
				"end":	0.070254,
				"seconds":	0.070253998041152954,
				"bytes":	599472,
				"bits_per_second":	68263389.041443,
				"retransmits":	1,
				"omitted":	false,
				"sender":	true
			}
		}],
	"end":	{
		"streams":	[{
				"sender":	{
					"socket":	6,
					"start":	0,
					"end":	0.070254,
					"seconds":	0.070254,
					"bytes":	599472,
					"bits_per_second":	68263387.1380989,
					"retransmits":	1,
					"max_snd_cwnd":	31856,
					"max_rtt":	4774,
					"min_rtt":	4774,
					"mean_rtt":	4774,
					"sender":	true
				},
				"receiver":	{
					"socket":	6,
					"start":	0,
					"end":	0.122771,
					"seconds":	0.070254,
					"bytes":	438744,
					"bits_per_second":	28589422.583509132,
					"sender":	true
				}
			}],
		"sum_sent":	{
			"start":	0,
			"end":	0.070254,
			"seconds":	0.070254,
			"bytes":	599472,
			"bits_per_second":	68263387.1380989,
			"retransmits":	1,
			"sender":	true
		},
		"sum_received":	{
			"start":	0,
			"end":	0.122771,
			"seconds":	0.122771,
			"bytes":	438744,
			"bits_per_second":	28589422.583509132,
			"sender":	true
		},
		"cpu_utilization_percent":	{
			"host_total":	30.147490414996312,
			"host_user":	19.846265282929327,
			"host_system":	10.301225132066989,
			"remote_total":	4.1415880200308166,
			"remote_user":	4.1415880200308166,
			"remote_system":	0
		},
		"sender_tcp_congestion":	"cubic",
		"receiver_tcp_congestion":	"cubic"
	}
}
