{
	"start":	{
		"connected":	[{
				"socket":	6,
				"local_host":	"192.168.0.1",
				"local_port":	34814,
				"remote_host":	"10.0.0.2",
				"remote_port":	5201
			}],
		"version":	"iperf 3.9",
		"system_info":	"Linux lisong19-OptiPlex-9020 6.10.0init8cwnd #5 SMP PREEMPT_DYNAMIC Mon Aug  5 20:11:06 CDT 2024 x86_64",
		"timestamp":	{
			"time":	"Fri, 09 Aug 2024 22:02:54 GMT",
			"timesecs":	1723240974
		},
		"connecting_to":	{
			"host":	"10.0.0.2",
			"port":	5201
		},
		"cookie":	"bpfrnu4yqg5zhytweqtyiibrkv3b3xxbjgx5",
		"tcp_mss_default":	1448,
		"sock_bufsize":	0,
		"sndbuf_actual":	87380,
		"rcvbuf_actual":	87380,
		"test_start":	{
			"protocol":	"TCP",
			"num_streams":	1,
			"blksize":	131072,
			"omit":	0,
			"duration":	0,
			"bytes":	0,
			"blocks":	80,
			"reverse":	0,
			"tos":	0
		}
	},
	"intervals":	[{
			"streams":	[{
					"socket":	6,
					"start":	0,
					"end":	0.050518,
					"seconds":	0.0505179986357689,
					"bytes":	544448,
					"bits_per_second":	86218459.115996361,
					"retransmits":	1,
					"snd_cwnd":	31856,
					"rtt":	4184,
					"rttvar":	187,
					"pmtu":	1500,
					"omitted":	false,
					"sender":	true
				}],
			"sum":	{
				"start":	0,
				"end":	0.050518,
				"seconds":	0.0505179986357689,
				"bytes":	544448,
				"bits_per_second":	86218459.115996361,
				"retransmits":	1,
				"omitted":	false,
				"sender":	true
			}
		}],
	"end":	{
		"streams":	[{
				"sender":	{
					"socket":	6,
					"start":	0,
					"end":	0.050518,
					"seconds":	0.050518,
					"bytes":	544448,
					"bits_per_second":	86218456.787679642,
					"retransmits":	1,
					"max_snd_cwnd":	31856,
					"max_rtt":	4184,
					"min_rtt":	4184,
					"mean_rtt":	4184,
					"sender":	true
				},
				"receiver":	{
					"socket":	6,
					"start":	0,
					"end":	0.101896,
					"seconds":	0.050518,
					"bytes":	380824,
					"bits_per_second":	29899034.309492029,
					"sender":	true
				}
			}],
		"sum_sent":	{
			"start":	0,
			"end":	0.050518,
			"seconds":	0.050518,
			"bytes":	544448,
			"bits_per_second":	86218456.787679642,
			"retransmits":	1,
			"sender":	true
		},
		"sum_received":	{
			"start":	0,
			"end":	0.101896,
			"seconds":	0.101896,
			"bytes":	380824,
			"bits_per_second":	29899034.309492029,
			"sender":	true
		},
		"cpu_utilization_percent":	{
			"host_total":	33.4866630751592,
			"host_user":	13.302391115163067,
			"host_system":	20.1835812854834,
			"remote_total":	2.71664946565902,
			"remote_user":	0,
			"remote_system":	2.7159836202017509
		},
		"sender_tcp_congestion":	"reno",
		"receiver_tcp_congestion":	"reno"
	}
}
