{
	"start":	{
		"connected":	[{
				"socket":	6,
				"local_host":	"192.168.0.1",
				"local_port":	37436,
				"remote_host":	"10.0.0.2",
				"remote_port":	5201
			}],
		"version":	"iperf 3.9",
		"system_info":	"Linux lisong19-OptiPlex-9020 6.10.0flag-bic-cwnd-prior #4 SMP PREEMPT_DYNAMIC Wed Aug 14 09:47:33 CDT 2024 x86_64",
		"timestamp":	{
			"time":	"Wed, 14 Aug 2024 21:31:29 GMT",
			"timesecs":	1723671089
		},
		"connecting_to":	{
			"host":	"10.0.0.2",
			"port":	5201
		},
		"cookie":	"zniwzvp6dy7vzgkarvgd4blxifvfz6n2457c",
		"tcp_mss_default":	1448,
		"sock_bufsize":	0,
		"sndbuf_actual":	87380,
		"rcvbuf_actual":	87380,
		"test_start":	{
			"protocol":	"TCP",
			"num_streams":	1,
			"blksize":	131072,
			"omit":	0,
			"duration":	0,
			"bytes":	0,
			"blocks":	80,
			"reverse":	0,
			"tos":	0
		}
	},
	"intervals":	[{
			"streams":	[{
					"socket":	6,
					"start":	0,
					"end":	0.090837,
					"seconds":	0.0908370018005371,
					"bytes":	624088,
					"bits_per_second":	54963328.831164464,
					"retransmits":	1,
					"snd_cwnd":	33304,
					"rtt":	4594,
					"rttvar":	233,
					"pmtu":	1500,
					"omitted":	false,
					"sender":	true
				}],
			"sum":	{
				"start":	0,
				"end":	0.090837,
				"seconds":	0.0908370018005371,
				"bytes":	624088,
				"bits_per_second":	54963328.831164464,
				"retransmits":	1,
				"omitted":	false,
				"sender":	true
			}
		}],
	"end":	{
		"streams":	[{
				"sender":	{
					"socket":	6,
					"start":	0,
					"end":	0.090837,
					"seconds":	0.090837,
					"bytes":	624088,
					"bits_per_second":	54963329.920627058,
					"retransmits":	1,
					"max_snd_cwnd":	33304,
					"max_rtt":	4594,
					"min_rtt":	4594,
					"mean_rtt":	4594,
					"sender":	true
				},
				"receiver":	{
					"socket":	6,
					"start":	0,
					"end":	0.132049,
					"seconds":	0.090837,
					"bytes":	395304,
					"bits_per_second":	23948928.049436193,
					"sender":	true
				}
			}],
		"sum_sent":	{
			"start":	0,
			"end":	0.090837,
			"seconds":	0.090837,
			"bytes":	624088,
			"bits_per_second":	54963329.920627058,
			"retransmits":	1,
			"sender":	true
		},
		"sum_received":	{
			"start":	0,
			"end":	0.132049,
			"seconds":	0.132049,
			"bytes":	395304,
			"bits_per_second":	23948928.049436193,
			"sender":	true
		},
		"cpu_utilization_percent":	{
			"host_total":	22.046502430241148,
			"host_user":	7.4900344500993947,
			"host_system":	14.562192316899283,
			"remote_total":	1.3479699336830255,
			"remote_user":	1.3474783326860587,
			"remote_system":	0
		},
		"sender_tcp_congestion":	"reno",
		"receiver_tcp_congestion":	"reno"
	}
}
