{
	"start":	{
		"connected":	[{
				"socket":	6,
				"local_host":	"192.168.0.1",
				"local_port":	45886,
				"remote_host":	"10.0.0.2",
				"remote_port":	5202
			}],
		"version":	"iperf 3.9",
		"system_info":	"Linux lisong19-OptiPlex-9020 6.10.0flag-bic-cwnd-prior #4 SMP PREEMPT_DYNAMIC Wed Aug 14 09:47:33 CDT 2024 x86_64",
		"timestamp":	{
			"time":	"Wed, 14 Aug 2024 21:31:29 GMT",
			"timesecs":	1723671089
		},
		"connecting_to":	{
			"host":	"10.0.0.2",
			"port":	5202
		},
		"cookie":	"eh2itcxeg5yqjeimkqzhmr5oc2n6nqktvir3",
		"tcp_mss_default":	1448,
		"sock_bufsize":	0,
		"sndbuf_actual":	87380,
		"rcvbuf_actual":	87380,
		"test_start":	{
			"protocol":	"TCP",
			"num_streams":	1,
			"blksize":	131072,
			"omit":	0,
			"duration":	0,
			"bytes":	0,
			"blocks":	80,
			"reverse":	0,
			"tos":	0
		}
	},
	"intervals":	[{
			"streams":	[{
					"socket":	6,
					"start":	0,
					"end":	0.104677,
					"seconds":	0.1046769991517067,
					"bytes":	554584,
					"bits_per_second":	42384401.883454859,
					"retransmits":	1,
					"snd_cwnd":	26064,
					"rtt":	4125,
					"rttvar":	81,
					"pmtu":	1500,
					"omitted":	false,
					"sender":	true
				}],
			"sum":	{
				"start":	0,
				"end":	0.104677,
				"seconds":	0.1046769991517067,
				"bytes":	554584,
				"bits_per_second":	42384401.883454859,
				"retransmits":	1,
				"omitted":	false,
				"sender":	true
			}
		}],
	"end":	{
		"streams":	[{
				"sender":	{
					"socket":	6,
					"start":	0,
					"end":	0.104677,
					"seconds":	0.104677,
					"bytes":	554584,
					"bits_per_second":	42384401.539975353,
					"retransmits":	1,
					"max_snd_cwnd":	26064,
					"max_rtt":	4125,
					"min_rtt":	4125,
					"mean_rtt":	4125,
					"sender":	true
				},
				"receiver":	{
					"socket":	6,
					"start":	0,
					"end":	0.145856,
					"seconds":	0.104677,
					"bytes":	417024,
					"bits_per_second":	22873189.995612107,
					"sender":	true
				}
			}],
		"sum_sent":	{
			"start":	0,
			"end":	0.104677,
			"seconds":	0.104677,
			"bytes":	554584,
			"bits_per_second":	42384401.539975353,
			"retransmits":	1,
			"sender":	true
		},
		"sum_received":	{
			"start":	0,
			"end":	0.145856,
			"seconds":	0.145856,
			"bytes":	417024,
			"bits_per_second":	22873189.995612107,
			"sender":	true
		},
		"cpu_utilization_percent":	{
			"host_total":	20.5862651444548,
			"host_user":	3.1186898105001553,
			"host_system":	17.467575333954642,
			"remote_total":	1.1546758610517,
			"remote_user":	1.1546758610517,
			"remote_system":	0
		},
		"sender_tcp_congestion":	"cubic",
		"receiver_tcp_congestion":	"cubic"
	}
}
