{
	"start":	{
		"connected":	[{
				"socket":	6,
				"local_host":	"192.168.0.1",
				"local_port":	51232,
				"remote_host":	"10.0.0.2",
				"remote_port":	5201
			}],
		"version":	"iperf 3.9",
		"system_info":	"Linux lisong19-OptiPlex-9020 6.10.0flag-bic-cwnd-prior #4 SMP PREEMPT_DYNAMIC Wed Aug 14 09:47:33 CDT 2024 x86_64",
		"timestamp":	{
			"time":	"Wed, 14 Aug 2024 21:32:00 GMT",
			"timesecs":	1723671120
		},
		"connecting_to":	{
			"host":	"10.0.0.2",
			"port":	5201
		},
		"cookie":	"ar3oghfebnzjpp2kfotfjm5mss6owv5i4wh3",
		"tcp_mss_default":	1448,
		"sock_bufsize":	0,
		"sndbuf_actual":	87380,
		"rcvbuf_actual":	87380,
		"test_start":	{
			"protocol":	"TCP",
			"num_streams":	1,
			"blksize":	131072,
			"omit":	0,
			"duration":	0,
			"bytes":	0,
			"blocks":	80,
			"reverse":	0,
			"tos":	0
		}
	},
	"intervals":	[{
			"streams":	[{
					"socket":	6,
					"start":	0,
					"end":	0.095735,
					"seconds":	0.09573499858379364,
					"bytes":	650152,
					"bits_per_second":	54329305.6556276,
					"retransmits":	1,
					"snd_cwnd":	33304,
					"rtt":	4561,
					"rttvar":	127,
					"pmtu":	1500,
					"omitted":	false,
					"sender":	true
				}],
			"sum":	{
				"start":	0,
				"end":	0.095735,
				"seconds":	0.09573499858379364,
				"bytes":	650152,
				"bits_per_second":	54329305.6556276,
				"retransmits":	1,
				"omitted":	false,
				"sender":	true
			}
		}],
	"end":	{
		"streams":	[{
				"sender":	{
					"socket":	6,
					"start":	0,
					"end":	0.095735,
					"seconds":	0.095735,
					"bytes":	650152,
					"bits_per_second":	54329304.851935029,
					"retransmits":	1,
					"max_snd_cwnd":	33304,
					"max_rtt":	4561,
					"min_rtt":	4561,
					"mean_rtt":	4561,
					"sender":	true
				},
				"receiver":	{
					"socket":	6,
					"start":	0,
					"end":	0.141584,
					"seconds":	0.095735,
					"bytes":	425712,
					"bits_per_second":	24054243.417335294,
					"sender":	true
				}
			}],
		"sum_sent":	{
			"start":	0,
			"end":	0.095735,
			"seconds":	0.095735,
			"bytes":	650152,
			"bits_per_second":	54329304.851935029,
			"retransmits":	1,
			"sender":	true
		},
		"sum_received":	{
			"start":	0,
			"end":	0.141584,
			"seconds":	0.141584,
			"bytes":	425712,
			"bits_per_second":	24054243.417335294,
			"sender":	true
		},
		"cpu_utilization_percent":	{
			"host_total":	23.276000966728429,
			"host_user":	5.5294852171110929,
			"host_system":	17.745508740836218,
			"remote_total":	2.1090139588730414,
			"remote_user":	0.898643968077737,
			"remote_system":	1.2098955219631622
		},
		"sender_tcp_congestion":	"reno",
		"receiver_tcp_congestion":	"reno"
	}
}
