{
	"start":	{
		"connected":	[{
				"socket":	6,
				"local_host":	"192.168.0.1",
				"local_port":	49438,
				"remote_host":	"10.0.0.2",
				"remote_port":	5202
			}],
		"version":	"iperf 3.9",
		"system_info":	"Linux lisong19-OptiPlex-9020 6.10.0flag-bic-cwnd-prior #4 SMP PREEMPT_DYNAMIC Wed Aug 14 09:47:33 CDT 2024 x86_64",
		"timestamp":	{
			"time":	"Wed, 14 Aug 2024 21:32:00 GMT",
			"timesecs":	1723671120
		},
		"connecting_to":	{
			"host":	"10.0.0.2",
			"port":	5202
		},
		"cookie":	"5qweqfbnmqs5i5mihhcxckt4nf55i565ey2b",
		"tcp_mss_default":	1448,
		"sock_bufsize":	0,
		"sndbuf_actual":	87380,
		"rcvbuf_actual":	87380,
		"test_start":	{
			"protocol":	"TCP",
			"num_streams":	1,
			"blksize":	131072,
			"omit":	0,
			"duration":	0,
			"bytes":	0,
			"blocks":	80,
			"reverse":	0,
			"tos":	0
		}
	},
	"intervals":	[{
			"streams":	[{
					"socket":	6,
					"start":	0,
					"end":	0.103685,
					"seconds":	0.10368499904870987,
					"bytes":	650152,
					"bits_per_second":	50163630.686407551,
					"retransmits":	1,
					"snd_cwnd":	33304,
					"rtt":	4827,
					"rttvar":	104,
					"pmtu":	1500,
					"omitted":	false,
					"sender":	true
				}],
			"sum":	{
				"start":	0,
				"end":	0.103685,
				"seconds":	0.10368499904870987,
				"bytes":	650152,
				"bits_per_second":	50163630.686407551,
				"retransmits":	1,
				"omitted":	false,
				"sender":	true
			}
		}],
	"end":	{
		"streams":	[{
				"sender":	{
					"socket":	6,
					"start":	0,
					"end":	0.103685,
					"seconds":	0.103685,
					"bytes":	650152,
					"bits_per_second":	50163630.2261658,
					"retransmits":	1,
					"max_snd_cwnd":	33304,
					"max_rtt":	4827,
					"min_rtt":	4827,
					"mean_rtt":	4827,
					"sender":	true
				},
				"receiver":	{
					"socket":	6,
					"start":	0,
					"end":	0.14893,
					"seconds":	0.103685,
					"bytes":	424264,
					"bits_per_second":	22789981.8706775,
					"sender":	true
				}
			}],
		"sum_sent":	{
			"start":	0,
			"end":	0.103685,
			"seconds":	0.103685,
			"bytes":	650152,
			"bits_per_second":	50163630.2261658,
			"retransmits":	1,
			"sender":	true
		},
		"sum_received":	{
			"start":	0,
			"end":	0.14893,
			"seconds":	0.14893,
			"bytes":	424264,
			"bits_per_second":	22789981.8706775,
			"sender":	true
		},
		"cpu_utilization_percent":	{
			"host_total":	22.293767640921615,
			"host_user":	16.586702557721821,
			"host_system":	5.7065809412687418,
			"remote_total":	1.7269275674085514,
			"remote_user":	0,
			"remote_system":	1.727387223402006
		},
		"sender_tcp_congestion":	"cubic",
		"receiver_tcp_congestion":	"cubic"
	}
}
