{
	"start":	{
		"connected":	[{
				"socket":	6,
				"local_host":	"192.168.0.1",
				"local_port":	32868,
				"remote_host":	"10.0.0.2",
				"remote_port":	5201
			}],
		"version":	"iperf 3.9",
		"system_info":	"Linux lisong19-OptiPlex-9020 6.10.0flag-bic-cwnd-prior #4 SMP PREEMPT_DYNAMIC Wed Aug 14 09:47:33 CDT 2024 x86_64",
		"timestamp":	{
			"time":	"Wed, 14 Aug 2024 21:34:02 GMT",
			"timesecs":	1723671242
		},
		"connecting_to":	{
			"host":	"10.0.0.2",
			"port":	5201
		},
		"cookie":	"gkwjjqhx2qunnxxxsqjticl7eh675gy3s2gf",
		"tcp_mss_default":	1448,
		"sock_bufsize":	0,
		"sndbuf_actual":	87380,
		"rcvbuf_actual":	87380,
		"test_start":	{
			"protocol":	"TCP",
			"num_streams":	1,
			"blksize":	131072,
			"omit":	0,
			"duration":	0,
			"bytes":	0,
			"blocks":	80,
			"reverse":	0,
			"tos":	0
		}
	},
	"intervals":	[{
			"streams":	[{
					"socket":	6,
					"start":	0,
					"end":	0.091499,
					"seconds":	0.091499000787735,
					"bytes":	624088,
					"bits_per_second":	54565666.9145752,
					"retransmits":	1,
					"snd_cwnd":	33304,
					"rtt":	4517,
					"rttvar":	221,
					"pmtu":	1500,
					"omitted":	false,
					"sender":	true
				}],
			"sum":	{
				"start":	0,
				"end":	0.091499,
				"seconds":	0.091499000787735,
				"bytes":	624088,
				"bits_per_second":	54565666.9145752,
				"retransmits":	1,
				"omitted":	false,
				"sender":	true
			}
		}],
	"end":	{
		"streams":	[{
				"sender":	{
					"socket":	6,
					"start":	0,
					"end":	0.091499,
					"seconds":	0.091499,
					"bytes":	624088,
					"bits_per_second":	54565667.384343,
					"retransmits":	1,
					"max_snd_cwnd":	33304,
					"max_rtt":	4517,
					"min_rtt":	4517,
					"mean_rtt":	4517,
					"sender":	true
				},
				"receiver":	{
					"socket":	6,
					"start":	0,
					"end":	0.133873,
					"seconds":	0.091499,
					"bytes":	401096,
					"bits_per_second":	23968746.498547133,
					"sender":	true
				}
			}],
		"sum_sent":	{
			"start":	0,
			"end":	0.091499,
			"seconds":	0.091499,
			"bytes":	624088,
			"bits_per_second":	54565667.384343,
			"retransmits":	1,
			"sender":	true
		},
		"sum_received":	{
			"start":	0,
			"end":	0.133873,
			"seconds":	0.133873,
			"bytes":	401096,
			"bits_per_second":	23968746.498547133,
			"sender":	true
		},
		"cpu_utilization_percent":	{
			"host_total":	22.157539999160122,
			"host_user":	9.5000629908033432,
			"host_system":	12.6564271616344,
			"remote_total":	1.3676243328511264,
			"remote_user":	0,
			"remote_system":	1.3671306056551513
		},
		"sender_tcp_congestion":	"reno",
		"receiver_tcp_congestion":	"reno"
	}
}
