{
	"start":	{
		"connected":	[{
				"socket":	6,
				"local_host":	"192.168.0.1",
				"local_port":	34608,
				"remote_host":	"10.0.0.2",
				"remote_port":	5202
			}],
		"version":	"iperf 3.9",
		"system_info":	"Linux lisong19-OptiPlex-9020 6.10.0flag-bic-cwnd-prior #4 SMP PREEMPT_DYNAMIC Wed Aug 14 09:47:33 CDT 2024 x86_64",
		"timestamp":	{
			"time":	"Wed, 14 Aug 2024 21:34:02 GMT",
			"timesecs":	1723671242
		},
		"connecting_to":	{
			"host":	"10.0.0.2",
			"port":	5202
		},
		"cookie":	"nrwggrrd2xhz3wzuavu4tliebpcsesp37uhd",
		"tcp_mss_default":	1448,
		"sock_bufsize":	0,
		"sndbuf_actual":	87380,
		"rcvbuf_actual":	87380,
		"test_start":	{
			"protocol":	"TCP",
			"num_streams":	1,
			"blksize":	131072,
			"omit":	0,
			"duration":	0,
			"bytes":	0,
			"blocks":	80,
			"reverse":	0,
			"tos":	0
		}
	},
	"intervals":	[{
			"streams":	[{
					"socket":	6,
					"start":	0,
					"end":	0.098899,
					"seconds":	0.0988989993929863,
					"bytes":	550240,
					"bits_per_second":	44509247.0805339,
					"retransmits":	1,
					"snd_cwnd":	31856,
					"rtt":	4667,
					"rttvar":	126,
					"pmtu":	1500,
					"omitted":	false,
					"sender":	true
				}],
			"sum":	{
				"start":	0,
				"end":	0.098899,
				"seconds":	0.0988989993929863,
				"bytes":	550240,
				"bits_per_second":	44509247.0805339,
				"retransmits":	1,
				"omitted":	false,
				"sender":	true
			}
		}],
	"end":	{
		"streams":	[{
				"sender":	{
					"socket":	6,
					"start":	0,
					"end":	0.098899,
					"seconds":	0.098899,
					"bytes":	550240,
					"bits_per_second":	44509246.807348914,
					"retransmits":	1,
					"max_snd_cwnd":	31856,
					"max_rtt":	4667,
					"min_rtt":	4667,
					"mean_rtt":	4667,
					"sender":	true
				},
				"receiver":	{
					"socket":	6,
					"start":	0,
					"end":	0.140318,
					"seconds":	0.098899,
					"bytes":	395304,
					"bits_per_second":	22537607.434541542,
					"sender":	true
				}
			}],
		"sum_sent":	{
			"start":	0,
			"end":	0.098899,
			"seconds":	0.098899,
			"bytes":	550240,
			"bits_per_second":	44509246.807348914,
			"retransmits":	1,
			"sender":	true
		},
		"sum_received":	{
			"start":	0,
			"end":	0.140318,
			"seconds":	0.140318,
			"bytes":	395304,
			"bits_per_second":	22537607.434541542,
			"sender":	true
		},
		"cpu_utilization_percent":	{
			"host_total":	21.333939669546766,
			"host_user":	3.2898792380374915,
			"host_system":	18.043555151331415,
			"remote_total":	1.4180015803462394,
			"remote_user":	0.411368915068362,
			"remote_system":	1.0071115580777243
		},
		"sender_tcp_congestion":	"cubic",
		"receiver_tcp_congestion":	"cubic"
	}
}
