{
	"start":	{
		"connected":	[{
				"socket":	6,
				"local_host":	"192.168.0.1",
				"local_port":	38970,
				"remote_host":	"10.0.0.2",
				"remote_port":	5201
			}],
		"version":	"iperf 3.9",
		"system_info":	"Linux lisong19-OptiPlex-9020 6.10.0cubicprint #2 SMP PREEMPT_DYNAMIC Tue Jul 30 01:19:33 CDT 2024 x86_64",
		"timestamp":	{
			"time":	"Mon, 05 Aug 2024 17:22:35 GMT",
			"timesecs":	1722878555
		},
		"connecting_to":	{
			"host":	"10.0.0.2",
			"port":	5201
		},
		"cookie":	"x35anuiqmubonmasbkczkrvvbh6pqtcsg5nz",
		"tcp_mss_default":	1448,
		"sock_bufsize":	0,
		"sndbuf_actual":	87380,
		"rcvbuf_actual":	87380,
		"test_start":	{
			"protocol":	"TCP",
			"num_streams":	1,
			"blksize":	131072,
			"omit":	0,
			"duration":	0,
			"bytes":	0,
			"blocks":	80,
			"reverse":	0,
			"tos":	0
		}
	},
	"intervals":	[{
			"streams":	[{
					"socket":	6,
					"start":	0,
					"end":	0.086471,
					"seconds":	0.086470998823642731,
					"bytes":	592232,
					"bits_per_second":	54791271.80735866,
					"retransmits":	1,
					"snd_cwnd":	31856,
					"rtt":	4546,
					"rttvar":	226,
					"pmtu":	1500,
					"omitted":	false,
					"sender":	true
				}],
			"sum":	{
				"start":	0,
				"end":	0.086471,
				"seconds":	0.086470998823642731,
				"bytes":	592232,
				"bits_per_second":	54791271.80735866,
				"retransmits":	1,
				"omitted":	false,
				"sender":	true
			}
		}],
	"end":	{
		"streams":	[{
				"sender":	{
					"socket":	6,
					"start":	0,
					"end":	0.086471,
					"seconds":	0.086471,
					"bytes":	592232,
					"bits_per_second":	54791271.061974533,
					"retransmits":	1,
					"max_snd_cwnd":	31856,
					"max_rtt":	4546,
					"min_rtt":	4546,
					"mean_rtt":	4546,
					"sender":	true
				},
				"receiver":	{
					"socket":	6,
					"start":	0,
					"end":	0.127862,
					"seconds":	0.086471,
					"bytes":	367792,
					"bits_per_second":	23011809.6072328,
					"sender":	true
				}
			}],
		"sum_sent":	{
			"start":	0,
			"end":	0.086471,
			"seconds":	0.086471,
			"bytes":	592232,
			"bits_per_second":	54791271.061974533,
			"retransmits":	1,
			"sender":	true
		},
		"sum_received":	{
			"start":	0,
			"end":	0.127862,
			"seconds":	0.127862,
			"bytes":	367792,
			"bits_per_second":	23011809.6072328,
			"sender":	true
		},
		"cpu_utilization_percent":	{
			"host_total":	22.516101559589078,
			"host_user":	11.939106829190397,
			"host_system":	10.577527013360303,
			"remote_total":	1.46876303319917,
			"remote_user":	0,
			"remote_system":	1.4682605484118969
		},
		"sender_tcp_congestion":	"reno",
		"receiver_tcp_congestion":	"reno"
	}
}
