{
	"start":	{
		"connected":	[{
				"socket":	6,
				"local_host":	"192.168.0.1",
				"local_port":	38694,
				"remote_host":	"10.0.0.2",
				"remote_port":	5202
			}],
		"version":	"iperf 3.9",
		"system_info":	"Linux lisong19-OptiPlex-9020 6.10.0cubicprint #2 SMP PREEMPT_DYNAMIC Tue Jul 30 01:19:33 CDT 2024 x86_64",
		"timestamp":	{
			"time":	"Mon, 05 Aug 2024 17:22:35 GMT",
			"timesecs":	1722878555
		},
		"connecting_to":	{
			"host":	"10.0.0.2",
			"port":	5202
		},
		"cookie":	"r54xrsegwc4opvqpw4dtii63mnpyzogv5wqf",
		"tcp_mss_default":	1448,
		"sock_bufsize":	0,
		"sndbuf_actual":	87380,
		"rcvbuf_actual":	87380,
		"test_start":	{
			"protocol":	"TCP",
			"num_streams":	1,
			"blksize":	131072,
			"omit":	0,
			"duration":	0,
			"bytes":	0,
			"blocks":	80,
			"reverse":	0,
			"tos":	0
		}
	},
	"intervals":	[{
			"streams":	[{
					"socket":	6,
					"start":	0,
					"end":	0.111691,
					"seconds":	0.11169099807739258,
					"bytes":	577752,
					"bits_per_second":	41382171.164746217,
					"retransmits":	1,
					"snd_cwnd":	23168,
					"rtt":	4141,
					"rttvar":	71,
					"pmtu":	1500,
					"omitted":	false,
					"sender":	true
				}],
			"sum":	{
				"start":	0,
				"end":	0.111691,
				"seconds":	0.11169099807739258,
				"bytes":	577752,
				"bits_per_second":	41382171.164746217,
				"retransmits":	1,
				"omitted":	false,
				"sender":	true
			}
		}],
	"end":	{
		"streams":	[{
				"sender":	{
					"socket":	6,
					"start":	0,
					"end":	0.111691,
					"seconds":	0.111691,
					"bytes":	577752,
					"bits_per_second":	41382170.45240888,
					"retransmits":	1,
					"max_snd_cwnd":	23168,
					"max_rtt":	4141,
					"min_rtt":	4141,
					"mean_rtt":	4141,
					"sender":	true
				},
				"receiver":	{
					"socket":	6,
					"start":	0,
					"end":	0.153159,
					"seconds":	0.111691,
					"bytes":	447432,
					"bits_per_second":	23370849.90108319,
					"sender":	true
				}
			}],
		"sum_sent":	{
			"start":	0,
			"end":	0.111691,
			"seconds":	0.111691,
			"bytes":	577752,
			"bits_per_second":	41382170.45240888,
			"retransmits":	1,
			"sender":	true
		},
		"sum_received":	{
			"start":	0,
			"end":	0.153159,
			"seconds":	0.153159,
			"bytes":	447432,
			"bits_per_second":	23370849.90108319,
			"sender":	true
		},
		"cpu_utilization_percent":	{
			"host_total":	19.866437022193228,
			"host_user":	10.524068086144837,
			"host_system":	9.34189963535336,
			"remote_total":	1.4123562191898265,
			"remote_user":	1.4168214617418018,
			"remote_system":	0
		},
		"sender_tcp_congestion":	"cubic",
		"receiver_tcp_congestion":	"cubic"
	}
}
