{
	"start":	{
		"connected":	[{
				"socket":	6,
				"local_host":	"192.168.0.1",
				"local_port":	52700,
				"remote_host":	"10.0.0.2",
				"remote_port":	5201
			}],
		"version":	"iperf 3.9",
		"system_info":	"Linux lisong19-OptiPlex-9020 6.10.0cubicprint #2 SMP PREEMPT_DYNAMIC Tue Jul 30 01:19:33 CDT 2024 x86_64",
		"timestamp":	{
			"time":	"Mon, 05 Aug 2024 17:25:08 GMT",
			"timesecs":	1722878708
		},
		"connecting_to":	{
			"host":	"10.0.0.2",
			"port":	5201
		},
		"cookie":	"aprcpllu7jkqsflextop4lok4yvbxghapj3j",
		"tcp_mss_default":	1448,
		"sock_bufsize":	0,
		"sndbuf_actual":	87380,
		"rcvbuf_actual":	87380,
		"test_start":	{
			"protocol":	"TCP",
			"num_streams":	1,
			"blksize":	131072,
			"omit":	0,
			"duration":	0,
			"bytes":	0,
			"blocks":	80,
			"reverse":	0,
			"tos":	0
		}
	},
	"intervals":	[{
			"streams":	[{
					"socket":	6,
					"start":	0,
					"end":	0.087579,
					"seconds":	0.087578997015953064,
					"bytes":	522728,
					"bits_per_second":	47749165.239221163,
					"retransmits":	1,
					"snd_cwnd":	31856,
					"rtt":	4365,
					"rttvar":	189,
					"pmtu":	1500,
					"omitted":	false,
					"sender":	true
				}],
			"sum":	{
				"start":	0,
				"end":	0.087579,
				"seconds":	0.087578997015953064,
				"bytes":	522728,
				"bits_per_second":	47749165.239221163,
				"retransmits":	1,
				"omitted":	false,
				"sender":	true
			}
		}],
	"end":	{
		"streams":	[{
				"sender":	{
					"socket":	6,
					"start":	0,
					"end":	0.087579,
					"seconds":	0.087579,
					"bytes":	522728,
					"bits_per_second":	47749163.612281479,
					"retransmits":	1,
					"max_snd_cwnd":	31856,
					"max_rtt":	4365,
					"min_rtt":	4365,
					"mean_rtt":	4365,
					"sender":	true
				},
				"receiver":	{
					"socket":	6,
					"start":	0,
					"end":	0.132694,
					"seconds":	0.087579,
					"bytes":	363448,
					"bits_per_second":	21911947.789651379,
					"sender":	true
				}
			}],
		"sum_sent":	{
			"start":	0,
			"end":	0.087579,
			"seconds":	0.087579,
			"bytes":	522728,
			"bits_per_second":	47749163.612281479,
			"retransmits":	1,
			"sender":	true
		},
		"sum_received":	{
			"start":	0,
			"end":	0.132694,
			"seconds":	0.132694,
			"bytes":	363448,
			"bits_per_second":	21911947.789651379,
			"sender":	true
		},
		"cpu_utilization_percent":	{
			"host_total":	24.025947003193956,
			"host_user":	13.674195528459512,
			"host_system":	10.350711097701808,
			"remote_total":	1.4753301824285525,
			"remote_user":	1.4748393872913508,
			"remote_system":	0
		},
		"sender_tcp_congestion":	"reno",
		"receiver_tcp_congestion":	"reno"
	}
}
