{
	"start":	{
		"connected":	[{
				"socket":	6,
				"local_host":	"192.168.0.1",
				"local_port":	46196,
				"remote_host":	"10.0.0.2",
				"remote_port":	5202
			}],
		"version":	"iperf 3.9",
		"system_info":	"Linux lisong19-OptiPlex-9020 6.10.0cubicprint #2 SMP PREEMPT_DYNAMIC Tue Jul 30 01:19:33 CDT 2024 x86_64",
		"timestamp":	{
			"time":	"Mon, 05 Aug 2024 17:25:08 GMT",
			"timesecs":	1722878708
		},
		"connecting_to":	{
			"host":	"10.0.0.2",
			"port":	5202
		},
		"cookie":	"wcgvybz3tutywnp3ybb5wacsmxj6p5inz6e5",
		"tcp_mss_default":	1448,
		"sock_bufsize":	0,
		"sndbuf_actual":	87380,
		"rcvbuf_actual":	87380,
		"test_start":	{
			"protocol":	"TCP",
			"num_streams":	1,
			"blksize":	131072,
			"omit":	0,
			"duration":	0,
			"bytes":	0,
			"blocks":	80,
			"reverse":	0,
			"tos":	0
		}
	},
	"intervals":	[{
			"streams":	[{
					"socket":	6,
					"start":	0,
					"end":	0.102491,
					"seconds":	0.10249099880456924,
					"bytes":	545896,
					"bits_per_second":	42610258.95871456,
					"retransmits":	1,
					"snd_cwnd":	26064,
					"rtt":	4188,
					"rttvar":	110,
					"pmtu":	1500,
					"omitted":	false,
					"sender":	true
				}],
			"sum":	{
				"start":	0,
				"end":	0.102491,
				"seconds":	0.10249099880456924,
				"bytes":	545896,
				"bits_per_second":	42610258.95871456,
				"retransmits":	1,
				"omitted":	false,
				"sender":	true
			}
		}],
	"end":	{
		"streams":	[{
				"sender":	{
					"socket":	6,
					"start":	0,
					"end":	0.102491,
					"seconds":	0.102491,
					"bytes":	545896,
					"bits_per_second":	42610258.4617186,
					"retransmits":	1,
					"max_snd_cwnd":	26064,
					"max_rtt":	4188,
					"min_rtt":	4188,
					"mean_rtt":	4188,
					"sender":	true
				},
				"receiver":	{
					"socket":	6,
					"start":	0,
					"end":	0.147466,
					"seconds":	0.102491,
					"bytes":	405440,
					"bits_per_second":	21995036.1439247,
					"sender":	true
				}
			}],
		"sum_sent":	{
			"start":	0,
			"end":	0.102491,
			"seconds":	0.102491,
			"bytes":	545896,
			"bits_per_second":	42610258.4617186,
			"retransmits":	1,
			"sender":	true
		},
		"sum_received":	{
			"start":	0,
			"end":	0.147466,
			"seconds":	0.147466,
			"bytes":	405440,
			"bits_per_second":	21995036.1439247,
			"sender":	true
		},
		"cpu_utilization_percent":	{
			"host_total":	21.942341855256046,
			"host_user":	6.88673051672202,
			"host_system":	15.055611338534023,
			"remote_total":	1.7689591852621842,
			"remote_user":	0.88287685974255525,
			"remote_system":	0.886082325519629
		},
		"sender_tcp_congestion":	"cubic",
		"receiver_tcp_congestion":	"cubic"
	}
}
